customer_id,age,tenure_months,monthly_charge,total_charge,contract_type,payment_method,internet_service,support_calls,late_payments,churn
CUST-000001,23.0,64,82.31,5383.34,one-year,electronic-check,fiber,1,0,0
CUST-000002,66.0,35,80.6,2655.74,one-year,electronic-check,fiber,1,0,0
CUST-000003,59.0,71,111.14,7163.42,one-year,credit-card,fiber,0,1,0
CUST-000004,45.0,55,98.16,5257.21,two-year,electronic-check,fiber,3,1,0
CUST-000005,45.0,47,22.92,1037.6,one-year,mailed-check,dsl,3,0,0
CUST-000006,,66,25.44,1720.18,month-to-month,electronic-check,dsl,1,1,0
CUST-000007,23.0,38,86.17,3287.49,one-year,electronic-check,fiber,0,1,0
CUST-000008,61.0,52,73.48,3931.55,month-to-month,electronic-check,dsl,0,3,0
CUST-000009,30.0,21,48.62,1026.02,month-to-month,electronic-check,fiber,5,2,1
CUST-000010,23.0,70,66.05,4573.43,two-year,electronic-check,dsl,3,3,0
CUST-000011,51.0,45,103.37,4488.98,one-year,bank-transfer,dsl,0,1,0
CUST-000012,79.0,57,110.93,6625.78,two-year,electronic-check,dsl,1,1,0
CUST-000013,64.0,34,81.73,2898.47,month-to-month,credit-card,dsl,1,0,0
CUST-000014,65.0,63,62.39,4026.1,month-to-month,mailed-check,none,0,0,0
CUST-000015,63.0,6,49.78,302.21,month-to-month,credit-card,fiber,0,1,0
CUST-000016,67.0,9,,681.49,month-to-month,bank-transfer,fiber,4,2,0
CUST-000017,50.0,37,54.62,1867.67,month-to-month,credit-card,fiber,1,2,0
CUST-000018,26.0,53,82.05,4474.0,month-to-month,electronic-check,dsl,0,0,0
CUST-000019,70.0,59,94.43,4913.05,month-to-month,electronic-check,dsl,3,0,0
CUST-000020,46.0,32,27.27,801.66,two-year,mailed-check,dsl,1,0,0
CUST-000021,49.0,47,20.12,897.07,month-to-month,credit-card,dsl,1,0,0
CUST-000022,41.0,40,43.35,1698.71,month-to-month,electronic-check,fiber,2,1,0
CUST-000023,29.0,70,118.4,8083.7,one-year,credit-card,dsl,1,0,0
CUST-000024,76.0,48,91.09,3978.32,month-to-month,bank-transfer,dsl,0,0,0
CUST-000025,67.0,31,38.92,1083.23,two-year,bank-transfer,fiber,0,1,0
CUST-000026,58.0,70,117.93,7576.5,one-year,credit-card,fiber,4,0,0
CUST-000027,,8,71.7,538.77,month-to-month,mailed-check,fiber,0,0,0
CUST-000028,69.0,71,72.37,4533.95,one-year,bank-transfer,fiber,1,3,0
CUST-000029,52.0,12,122.91,1471.55,one-year,bank-transfer,dsl,2,3,0
CUST-000030,,21,26.54,513.93,one-year,electronic-check,none,1,3,0
CUST-000031,46.0,60,43.67,,two-year,electronic-check,dsl,1,1,0
CUST-000032,32.0,53,84.43,4192.58,one-year,mailed-check,fiber,0,1,0
CUST-000033,23.0,70,41.5,2809.17,one-year,credit-card,dsl,0,1,0
CUST-000034,52.0,54,94.75,5250.38,month-to-month,credit-card,dsl,3,0,0
CUST-000035,73.0,46,43.55,1813.78,one-year,credit-card,fiber,0,0,0
CUST-000036,22.0,25,30.91,724.78,two-year,electronic-check,dsl,1,0,0
CUST-000037,72.0,1,42.77,42.67,one-year,bank-transfer,fiber,0,2,0
CUST-000038,70.0,9,66.5,531.18,one-year,,fiber,1,0,0
CUST-000039,35.0,22,39.38,884.64,month-to-month,bank-transfer,fiber,0,2,0
CUST-000040,57.0,3,34.82,109.01,one-year,credit-card,fiber,2,0,0
CUST-000041,28.0,37,114.63,4170.47,two-year,electronic-check,dsl,2,1,0
CUST-000042,65.0,56,55.24,3225.24,month-to-month,electronic-check,fiber,0,0,0
CUST-000043,62.0,70,59.68,3969.64,month-to-month,bank-transfer,fiber,3,0,0
CUST-000044,40.0,36,26.08,892.46,month-to-month,electronic-check,fiber,0,0,0
CUST-000045,22.0,64,59.31,3408.9,month-to-month,electronic-check,fiber,2,0,0
CUST-000046,79.0,71,49.13,3090.66,,bank-transfer,fiber,1,0,0
CUST-000047,46.0,62,87.15,4979.5,month-to-month,credit-card,fiber,5,2,1
CUST-000048,74.0,34,42.59,1391.99,month-to-month,credit-card,dsl,1,1,0
CUST-000049,60.0,24,117.72,2730.09,one-year,electronic-check,fiber,0,0,0
CUST-000050,67.0,71,122.26,7959.88,one-year,bank-transfer,dsl,1,0,0
CUST-000051,65.0,18,30.98,548.82,one-year,electronic-check,fiber,3,0,0
CUST-000052,30.0,30,31.81,869.18,one-year,electronic-check,dsl,0,1,0
CUST-000053,40.0,6,32.69,183.48,one-year,electronic-check,dsl,1,0,0
CUST-000054,47.0,58,88.15,4669.28,one-year,electronic-check,fiber,0,2,0
CUST-000055,49.0,47,33.42,1568.28,one-year,electronic-check,fiber,2,1,0
CUST-000056,20.0,7,113.76,770.69,month-to-month,electronic-check,none,0,2,1
CUST-000057,52.0,16,102.97,1655.98,one-year,electronic-check,fiber,1,0,0
CUST-000058,27.0,40,110.18,3921.23,month-to-month,credit-card,dsl,0,1,0
CUST-000059,64.0,39,77.87,2892.1,month-to-month,bank-transfer,fiber,1,0,1
CUST-000060,61.0,58,129.63,7852.24,month-to-month,electronic-check,fiber,1,1,1
CUST-000061,76.0,20,,442.07,two-year,electronic-check,dsl,1,1,0
CUST-000062,64.0,67,64.14,4087.34,one-year,mailed-check,dsl,1,1,0
CUST-000063,41.0,33,55.63,1628.1,month-to-month,mailed-check,fiber,1,0,0
CUST-000064,78.0,60,124.35,6751.69,one-year,bank-transfer,dsl,0,1,0
CUST-000065,43.0,18,83.45,1439.96,month-to-month,electronic-check,dsl,1,4,1
CUST-000066,38.0,3,108.68,295.65,one-year,credit-card,fiber,0,2,0
CUST-000067,75.0,4,38.74,150.03,two-year,electronic-check,fiber,0,1,0
CUST-000068,41.0,27,127.65,3573.6,one-year,electronic-check,fiber,3,1,0
CUST-000069,22.0,69,74.85,4720.85,one-year,credit-card,fiber,2,1,0
CUST-000070,47.0,4,74.3,266.95,month-to-month,credit-card,dsl,2,1,0
CUST-000071,68.0,27,126.8,3493.09,month-to-month,credit-card,fiber,1,1,1
CUST-000072,29.0,8,61.88,474.37,two-year,credit-card,fiber,0,1,0
CUST-000073,47.0,68,63.73,4463.84,one-year,electronic-check,dsl,1,0,0
CUST-000074,26.0,49,84.32,3850.89,month-to-month,electronic-check,,0,2,0
CUST-000075,61.0,55,34.09,1849.98,month-to-month,bank-transfer,dsl,3,1,0
CUST-000076,47.0,52,55.32,2982.97,month-to-month,bank-transfer,dsl,3,1,0
CUST-000077,38.0,48,41.25,1800.19,month-to-month,electronic-check,fiber,1,1,0
CUST-000078,32.0,56,31.36,1784.48,month-to-month,credit-card,dsl,3,0,0
CUST-000079,53.0,1,115.28,113.82,month-to-month,electronic-check,fiber,1,0,1
CUST-000080,60.0,63,84.83,5441.56,two-year,electronic-check,fiber,3,0,0
CUST-000081,77.0,54,59.45,2918.22,month-to-month,bank-transfer,fiber,1,2,0
CUST-000082,45.0,54,64.95,3345.24,month-to-month,electronic-check,dsl,3,2,0
CUST-000083,28.0,29,67.47,1764.69,month-to-month,credit-card,dsl,2,0,0
CUST-000084,70.0,58,89.65,5424.4,month-to-month,credit-card,fiber,3,1,0
CUST-000085,57.0,28,121.94,3040.99,one-year,electronic-check,dsl,0,2,0
CUST-000086,62.0,4,122.61,437.05,month-to-month,electronic-check,dsl,1,1,1
CUST-000087,24.0,66,63.06,4298.0,one-year,electronic-check,fiber,2,1,0
CUST-000088,37.0,17,56.22,889.92,one-year,mailed-check,dsl,3,0,0
CUST-000089,66.0,8,69.62,546.65,month-to-month,credit-card,fiber,1,0,0
CUST-000090,70.0,45,82.47,3447.18,one-year,credit-card,,0,0,0
CUST-000091,45.0,17,70.8,1191.91,two-year,electronic-check,fiber,2,1,0
CUST-000092,68.0,62,92.46,5232.18,month-to-month,credit-card,fiber,0,0,0
CUST-000093,71.0,32,80.98,2482.54,month-to-month,electronic-check,fiber,1,3,0
CUST-000094,42.0,1,,53.66,two-year,credit-card,fiber,2,1,0
CUST-000095,74.0,69,58.03,3750.69,two-year,bank-transfer,dsl,1,1,0
CUST-000096,36.0,38,61.65,2161.82,month-to-month,credit-card,dsl,2,0,0
CUST-000097,33.0,19,30.41,522.23,one-year,electronic-check,fiber,1,4,1
CUST-000098,60.0,49,38.27,1875.31,month-to-month,electronic-check,dsl,0,2,1
CUST-000099,58.0,39,99.54,3527.27,one-year,electronic-check,dsl,1,0,0
CUST-000100,26.0,3,62.8,175.15,month-to-month,credit-card,dsl,1,1,0
CUST-000101,70.0,55,43.6,2247.58,month-to-month,mailed-check,dsl,1,1,0
CUST-000102,30.0,29,81.89,2273.27,one-year,electronic-check,fiber,1,1,0
CUST-000103,68.0,51,103.11,5255.65,two-year,credit-card,fiber,3,0,0
CUST-000104,18.0,65,48.32,2992.4,two-year,bank-transfer,dsl,1,1,0
CUST-000105,68.0,44,110.95,5018.91,month-to-month,electronic-check,dsl,3,2,0
CUST-000106,67.0,49,122.03,,month-to-month,electronic-check,dsl,1,0,0
CUST-000107,67.0,19,85.71,1665.2,two-year,electronic-check,dsl,0,2,0
CUST-000108,59.0,18,93.58,1687.44,two-year,bank-transfer,fiber,1,0,0
CUST-000109,47.0,30,25.78,700.13,month-to-month,credit-card,dsl,0,2,0
CUST-000110,62.0,62,124.01,8044.2,one-year,bank-transfer,fiber,3,0,0
CUST-000111,35.0,38,63.17,2433.39,month-to-month,bank-transfer,fiber,1,0,0
CUST-000112,67.0,26,121.63,3090.79,month-to-month,bank-transfer,,1,0,0
CUST-000113,53.0,57,83.69,4331.89,month-to-month,mailed-check,fiber,3,4,1
CUST-000114,46.0,62,,1156.35,month-to-month,bank-transfer,none,1,1,0
CUST-000115,,65,24.24,1551.08,month-to-month,bank-transfer,fiber,1,0,0
CUST-000116,53.0,22,94.85,1983.94,two-year,bank-transfer,dsl,0,1,0
CUST-000117,20.0,52,81.89,4236.55,month-to-month,bank-transfer,dsl,3,4,1
CUST-000118,26.0,43,22.92,929.69,month-to-month,bank-transfer,dsl,1,0,0
CUST-000119,33.0,33,101.78,3248.52,month-to-month,mailed-check,,0,3,0
CUST-000120,25.0,29,113.74,3008.04,month-to-month,credit-card,fiber,1,0,1
CUST-000121,45.0,9,74.61,608.63,month-to-month,bank-transfer,fiber,1,0,0
CUST-000122,60.0,20,71.23,1271.97,one-year,credit-card,fiber,0,3,0
CUST-000123,59.0,40,20.6,839.94,,bank-transfer,fiber,1,1,0
CUST-000124,,64,106.53,6643.49,one-year,,dsl,2,0,0
CUST-000125,71.0,63,56.38,3697.62,two-year,bank-transfer,fiber,1,0,0
CUST-000126,53.0,14,116.66,1645.35,month-to-month,bank-transfer,fiber,1,1,0
CUST-000127,22.0,49,61.04,3022.93,two-year,mailed-check,fiber,4,0,0
CUST-000128,66.0,7,,555.88,two-year,electronic-check,dsl,5,2,1
CUST-000129,54.0,49,49.74,2482.66,two-year,bank-transfer,dsl,3,0,0
CUST-000130,57.0,25,37.66,979.3,,bank-transfer,fiber,1,3,0
CUST-000131,53.0,33,105.24,3482.28,one-year,mailed-check,dsl,2,2,0
CUST-000132,52.0,52,74.62,3484.26,one-year,mailed-check,dsl,1,2,0
CUST-000133,23.0,31,79.01,2426.47,one-year,credit-card,dsl,2,2,0
CUST-000134,53.0,59,126.2,6704.75,month-to-month,credit-card,fiber,1,1,1
CUST-000135,68.0,39,125.99,4388.48,,electronic-check,dsl,2,3,0
CUST-000136,37.0,72,114.12,8198.51,one-year,mailed-check,,2,3,0
CUST-000137,55.0,46,40.64,1910.41,one-year,electronic-check,fiber,2,0,0
CUST-000138,19.0,22,85.37,1703.48,month-to-month,bank-transfer,dsl,1,1,0
CUST-000139,39.0,56,116.6,5828.36,month-to-month,bank-transfer,dsl,1,0,0
CUST-000140,45.0,30,61.19,1892.07,month-to-month,credit-card,fiber,1,4,1
CUST-000141,79.0,39,31.12,1095.32,month-to-month,electronic-check,dsl,2,1,0
CUST-000142,31.0,10,109.21,967.56,month-to-month,electronic-check,fiber,1,2,1
CUST-000143,35.0,9,72.99,658.6,month-to-month,bank-transfer,dsl,3,0,0
CUST-000144,43.0,42,82.08,3530.48,month-to-month,credit-card,none,1,0,0
CUST-000145,80.0,14,128.04,1734.23,month-to-month,electronic-check,dsl,1,2,0
CUST-000146,71.0,72,86.79,6072.58,month-to-month,bank-transfer,dsl,5,0,0
CUST-000147,20.0,62,66.75,3878.88,two-year,electronic-check,dsl,3,0,0
CUST-000148,32.0,51,60.7,2849.71,month-to-month,bank-transfer,dsl,4,0,0
CUST-000149,69.0,53,65.94,3524.14,month-to-month,electronic-check,dsl,1,2,0
CUST-000150,21.0,43,33.02,1454.47,month-to-month,electronic-check,dsl,2,1,0
CUST-000151,71.0,5,107.42,501.98,month-to-month,electronic-check,fiber,1,0,0
CUST-000152,35.0,29,112.15,3013.46,month-to-month,credit-card,dsl,2,1,0
CUST-000153,75.0,36,51.28,1708.59,one-year,credit-card,fiber,2,1,0
CUST-000154,36.0,66,53.42,3132.96,two-year,bank-transfer,none,0,1,0
CUST-000155,45.0,16,116.18,1724.64,month-to-month,credit-card,fiber,3,1,1
CUST-000156,59.0,36,22.64,720.79,one-year,electronic-check,fiber,2,1,0
CUST-000157,25.0,25,77.25,1958.34,month-to-month,electronic-check,dsl,0,1,0
CUST-000158,53.0,10,71.0,655.69,month-to-month,electronic-check,fiber,2,2,1
CUST-000159,49.0,8,95.91,765.23,month-to-month,mailed-check,fiber,3,1,1
CUST-000160,67.0,27,37.97,996.84,month-to-month,electronic-check,dsl,1,1,0
CUST-000161,80.0,6,93.52,573.67,one-year,mailed-check,fiber,2,0,0
CUST-000162,59.0,5,61.44,320.49,one-year,electronic-check,fiber,1,1,0
CUST-000163,43.0,26,88.06,2157.77,one-year,electronic-check,dsl,0,1,0
CUST-000164,43.0,15,24.41,327.71,month-to-month,electronic-check,fiber,1,0,1
CUST-000165,44.0,40,70.79,2852.67,one-year,electronic-check,fiber,0,0,0
CUST-000166,69.0,2,77.45,136.87,month-to-month,bank-transfer,fiber,3,1,1
CUST-000167,38.0,22,43.58,880.05,month-to-month,credit-card,fiber,2,0,0
CUST-000168,28.0,33,35.36,1037.42,month-to-month,electronic-check,fiber,0,0,0
CUST-000169,39.0,70,40.73,2944.29,one-year,bank-transfer,fiber,0,1,0
CUST-000170,19.0,46,57.86,2344.57,two-year,bank-transfer,dsl,1,1,0
CUST-000171,24.0,64,30.65,1890.52,month-to-month,mailed-check,dsl,2,1,0
CUST-000172,23.0,25,124.21,2956.45,one-year,mailed-check,fiber,1,0,0
CUST-000173,66.0,33,64.55,2110.91,one-year,bank-transfer,fiber,0,0,0
CUST-000174,63.0,31,108.99,3139.67,two-year,bank-transfer,dsl,3,0,0
CUST-000175,61.0,64,127.19,8372.38,month-to-month,bank-transfer,dsl,0,1,0
CUST-000176,47.0,70,28.88,2031.38,one-year,credit-card,fiber,1,1,0
CUST-000177,63.0,70,91.68,6119.12,one-year,bank-transfer,fiber,2,0,0
CUST-000178,28.0,55,115.85,5994.95,two-year,electronic-check,fiber,3,2,0
CUST-000179,74.0,37,89.77,3383.61,month-to-month,bank-transfer,dsl,0,1,0
CUST-000180,49.0,39,67.19,2643.21,two-year,mailed-check,none,0,0,0
CUST-000181,77.0,71,67.42,4537.09,month-to-month,electronic-check,none,1,2,0
CUST-000182,27.0,21,23.95,471.78,,bank-transfer,fiber,0,2,0
CUST-000183,49.0,25,78.81,1746.85,month-to-month,mailed-check,fiber,1,0,1
CUST-000184,61.0,65,129.29,7512.12,month-to-month,electronic-check,fiber,0,0,0
CUST-000185,49.0,28,125.46,3123.53,month-to-month,credit-card,fiber,2,1,1
CUST-000186,46.0,17,24.44,367.35,month-to-month,mailed-check,fiber,1,1,0
CUST-000187,28.0,41,97.64,3626.89,month-to-month,mailed-check,dsl,3,0,0
CUST-000188,42.0,24,53.19,1309.39,month-to-month,electronic-check,fiber,2,3,1
CUST-000189,33.0,65,119.33,7878.13,month-to-month,electronic-check,none,0,1,0
CUST-000190,36.0,66,24.96,1686.48,month-to-month,bank-transfer,fiber,2,2,0
CUST-000191,61.0,23,122.95,2788.39,one-year,electronic-check,fiber,2,0,0
CUST-000192,57.0,39,112.12,4311.86,two-year,electronic-check,dsl,1,1,1
CUST-000193,56.0,71,32.93,2106.72,one-year,electronic-check,dsl,3,0,0
CUST-000194,40.0,54,26.58,1433.63,month-to-month,electronic-check,fiber,2,0,0
CUST-000195,78.0,16,111.82,1659.6,month-to-month,credit-card,dsl,2,1,0
CUST-000196,23.0,43,37.13,1545.94,two-year,bank-transfer,fiber,2,2,0
CUST-000197,39.0,45,78.84,3697.88,month-to-month,bank-transfer,fiber,4,2,0
CUST-000198,25.0,48,120.73,5957.33,month-to-month,bank-transfer,fiber,2,0,0
CUST-000199,39.0,2,82.42,151.59,two-year,credit-card,,0,0,0
CUST-000200,78.0,22,63.7,1408.73,two-year,electronic-check,dsl,2,2,0
CUST-000201,41.0,62,68.95,3837.56,month-to-month,electronic-check,fiber,2,0,1
CUST-000202,75.0,18,26.94,428.93,one-year,electronic-check,dsl,4,2,0
CUST-000203,49.0,22,126.56,2463.54,month-to-month,electronic-check,dsl,1,3,1
CUST-000204,62.0,24,,1181.7,one-year,electronic-check,fiber,2,1,0
CUST-000205,46.0,13,40.83,529.8,month-to-month,electronic-check,fiber,1,1,1
CUST-000206,34.0,12,51.47,581.67,month-to-month,electronic-check,fiber,1,1,0
CUST-000207,66.0,25,126.08,2782.3,one-year,bank-transfer,dsl,1,0,0
CUST-000208,79.0,63,30.37,2005.08,month-to-month,credit-card,dsl,1,2,0
CUST-000209,34.0,1,115.4,112.02,one-year,mailed-check,dsl,2,0,0
CUST-000210,67.0,21,97.86,1946.06,month-to-month,bank-transfer,fiber,2,0,0
CUST-000211,34.0,5,111.3,538.81,two-year,credit-card,fiber,1,3,1
CUST-000212,63.0,41,127.35,5056.33,one-year,electronic-check,dsl,3,1,0
CUST-000213,67.0,19,112.64,2054.43,month-to-month,credit-card,fiber,0,1,0
CUST-000214,46.0,58,,7065.25,one-year,electronic-check,dsl,1,0,0
CUST-000215,64.0,43,33.96,1504.9,month-to-month,credit-card,fiber,3,1,0
CUST-000216,35.0,57,107.54,5708.61,month-to-month,credit-card,fiber,2,2,0
CUST-000217,22.0,46,80.02,3543.93,month-to-month,credit-card,dsl,0,1,0
CUST-000218,24.0,32,79.78,2248.19,two-year,electronic-check,dsl,0,2,0
CUST-000219,46.0,62,118.88,7563.44,two-year,bank-transfer,dsl,2,1,0
CUST-000220,74.0,35,126.9,4139.49,two-year,bank-transfer,fiber,0,2,0
CUST-000221,26.0,69,97.53,6232.39,two-year,bank-transfer,none,1,1,0
CUST-000222,46.0,72,73.12,5525.67,two-year,credit-card,dsl,2,0,0
CUST-000223,62.0,43,70.2,2956.26,month-to-month,credit-card,dsl,0,2,0
CUST-000224,30.0,49,62.5,2759.06,two-year,electronic-check,dsl,1,0,0
CUST-000225,63.0,19,59.78,1050.79,one-year,bank-transfer,dsl,0,1,0
CUST-000226,37.0,59,63.07,3498.04,month-to-month,credit-card,dsl,2,1,0
CUST-000227,,49,29.87,1533.34,one-year,electronic-check,fiber,1,0,0
CUST-000228,54.0,65,28.52,1767.05,month-to-month,electronic-check,fiber,2,0,0
CUST-000229,52.0,20,105.79,1944.68,month-to-month,mailed-check,dsl,1,1,1
CUST-000230,29.0,57,69.07,3845.87,month-to-month,credit-card,fiber,2,2,1
CUST-000231,47.0,34,122.38,3947.92,month-to-month,credit-card,fiber,1,0,0
CUST-000232,71.0,14,87.34,1087.45,month-to-month,credit-card,dsl,1,0,1
CUST-000233,19.0,13,23.87,318.49,two-year,credit-card,fiber,0,0,0
CUST-000234,65.0,41,37.33,1350.95,one-year,credit-card,dsl,2,3,0
CUST-000235,49.0,24,42.64,1056.87,month-to-month,electronic-check,dsl,1,0,0
CUST-000236,63.0,8,127.33,1033.53,month-to-month,credit-card,fiber,1,0,1
CUST-000237,59.0,31,44.06,1219.56,month-to-month,bank-transfer,dsl,0,1,0
CUST-000238,45.0,48,76.73,3694.14,month-to-month,electronic-check,fiber,3,0,1
CUST-000239,,23,122.98,2859.82,two-year,bank-transfer,dsl,3,1,0
CUST-000240,57.0,69,127.49,,month-to-month,electronic-check,dsl,2,0,0
CUST-000241,26.0,57,46.0,2564.85,one-year,bank-transfer,fiber,2,1,0
CUST-000242,54.0,37,25.4,834.96,one-year,bank-transfer,fiber,6,0,0
CUST-000243,23.0,68,36.9,2233.48,one-year,bank-transfer,fiber,1,0,0
CUST-000244,58.0,32,26.97,866.18,two-year,credit-card,fiber,0,0,0
CUST-000245,57.0,11,41.46,409.52,month-to-month,mailed-check,fiber,3,2,0
CUST-000246,23.0,3,82.54,228.09,two-year,credit-card,none,4,0,0
CUST-000247,65.0,68,120.37,7897.06,one-year,bank-transfer,fiber,1,2,0
CUST-000248,44.0,70,79.09,5026.45,,bank-transfer,dsl,0,3,0
CUST-000249,67.0,54,88.86,4866.93,one-year,electronic-check,fiber,1,1,0
CUST-000250,20.0,8,42.21,343.51,two-year,electronic-check,none,0,2,0
CUST-000251,29.0,22,108.06,2432.39,two-year,credit-card,,1,3,0
CUST-000252,49.0,3,87.96,234.44,month-to-month,electronic-check,fiber,1,0,1
CUST-000253,29.0,4,115.06,438.49,one-year,credit-card,dsl,1,0,0
CUST-000254,38.0,18,124.37,2292.33,one-year,credit-card,fiber,0,0,0
CUST-000255,59.0,42,58.27,2304.78,month-to-month,credit-card,dsl,0,1,0
CUST-000256,27.0,5,29.96,149.54,two-year,electronic-check,fiber,1,2,1
CUST-000257,60.0,71,44.85,3121.21,month-to-month,bank-transfer,dsl,1,0,0
CUST-000258,24.0,33,68.16,2112.13,one-year,credit-card,dsl,1,1,0
CUST-000259,29.0,19,124.03,2184.51,month-to-month,bank-transfer,dsl,2,1,1
CUST-000260,55.0,38,61.61,2320.03,month-to-month,electronic-check,fiber,1,1,0
CUST-000261,67.0,57,104.79,5391.95,two-year,credit-card,fiber,1,1,0
CUST-000262,28.0,23,79.45,1875.26,month-to-month,electronic-check,fiber,1,0,1
CUST-000263,36.0,4,40.11,156.91,month-to-month,bank-transfer,fiber,3,1,1
CUST-000264,76.0,4,55.28,,month-to-month,electronic-check,fiber,2,2,1
CUST-000265,80.0,62,91.85,5692.42,month-to-month,mailed-check,none,3,0,1
CUST-000266,54.0,9,94.01,806.57,one-year,electronic-check,dsl,0,0,0
CUST-000267,46.0,46,67.82,2853.59,two-year,credit-card,dsl,2,2,0
CUST-000268,39.0,28,45.15,1319.04,month-to-month,electronic-check,fiber,0,1,0
CUST-000269,56.0,56,99.41,5579.99,one-year,credit-card,fiber,1,1,0
CUST-000270,55.0,5,38.58,189.2,month-to-month,,dsl,1,0,0
CUST-000271,36.0,65,123.03,8191.34,one-year,credit-card,fiber,0,1,0
CUST-000272,19.0,51,40.67,2017.04,month-to-month,electronic-check,fiber,0,1,0
CUST-000273,27.0,33,31.8,1002.23,month-to-month,electronic-check,fiber,0,3,1
CUST-000274,78.0,15,74.74,1022.67,month-to-month,electronic-check,dsl,2,1,0
CUST-000275,44.0,71,77.15,4963.17,one-year,mailed-check,none,3,1,0
CUST-000276,48.0,22,75.9,1592.05,,credit-card,fiber,2,3,1
CUST-000277,47.0,36,68.03,2345.03,month-to-month,electronic-check,dsl,2,1,0
CUST-000278,67.0,29,129.43,3770.97,one-year,mailed-check,fiber,1,2,0
CUST-000279,22.0,17,73.49,1193.3,one-year,electronic-check,fiber,1,0,0
CUST-000280,23.0,30,72.57,2135.38,month-to-month,credit-card,dsl,3,1,0
CUST-000281,,11,66.39,746.01,one-year,bank-transfer,fiber,2,1,0
CUST-000282,48.0,1,27.35,28.69,two-year,mailed-check,dsl,1,0,0
CUST-000283,60.0,21,85.23,1673.19,month-to-month,bank-transfer,fiber,1,0,1
CUST-000284,48.0,9,45.08,419.24,one-year,credit-card,fiber,2,0,0
CUST-000285,45.0,30,90.14,2750.25,month-to-month,mailed-check,none,3,1,1
CUST-000286,77.0,63,25.59,1437.35,one-year,electronic-check,fiber,1,2,0
CUST-000287,28.0,12,127.95,1438.37,month-to-month,mailed-check,dsl,3,0,1
CUST-000288,54.0,1,71.59,65.67,one-year,bank-transfer,fiber,1,2,1
CUST-000289,52.0,8,118.64,942.42,month-to-month,mailed-check,none,0,0,0
CUST-000290,47.0,37,72.31,2606.98,month-to-month,electronic-check,fiber,3,1,0
CUST-000291,68.0,20,26.64,513.69,two-year,electronic-check,fiber,1,1,0
CUST-000292,34.0,36,110.44,4014.83,month-to-month,bank-transfer,dsl,2,1,0
CUST-000293,78.0,3,91.3,256.55,two-year,credit-card,fiber,2,1,0
CUST-000294,38.0,24,105.99,2404.03,two-year,credit-card,fiber,2,1,0
CUST-000295,52.0,30,67.1,2067.67,two-year,mailed-check,none,2,1,0
CUST-000296,50.0,32,90.17,3016.08,month-to-month,credit-card,dsl,0,0,0
CUST-000297,71.0,40,114.19,4622.32,one-year,electronic-check,dsl,2,1,0
CUST-000298,45.0,57,89.42,4673.39,month-to-month,credit-card,dsl,4,0,0
CUST-000299,35.0,34,58.24,1780.46,month-to-month,electronic-check,dsl,1,3,0
CUST-000300,19.0,61,92.88,5187.3,two-year,electronic-check,dsl,1,2,0
CUST-000301,40.0,39,93.9,3485.84,one-year,electronic-check,dsl,0,1,0
CUST-000302,70.0,19,125.66,2197.11,month-to-month,bank-transfer,fiber,1,2,1
CUST-000303,18.0,17,60.8,1067.89,month-to-month,bank-transfer,fiber,0,1,0
CUST-000304,74.0,24,66.76,1592.66,one-year,credit-card,dsl,1,0,0
CUST-000305,52.0,44,109.33,4574.05,one-year,,dsl,3,1,0
CUST-000306,26.0,18,75.63,1261.35,month-to-month,bank-transfer,fiber,1,1,1
CUST-000307,37.0,66,101.02,6298.7,two-year,bank-transfer,fiber,1,1,0
CUST-000308,52.0,35,70.57,2373.45,month-to-month,mailed-check,fiber,2,0,0
CUST-000309,37.0,63,43.7,2756.82,month-to-month,credit-card,dsl,1,2,0
CUST-000310,24.0,50,101.97,4564.12,one-year,bank-transfer,dsl,0,1,0
CUST-000311,59.0,25,34.43,881.67,two-year,credit-card,fiber,0,3,0
CUST-000312,60.0,17,41.84,641.35,month-to-month,credit-card,dsl,0,0,0
CUST-000313,25.0,54,88.95,4441.21,month-to-month,bank-transfer,,0,1,0
CUST-000314,35.0,24,102.2,2572.77,month-to-month,credit-card,none,2,0,0
CUST-000315,33.0,18,118.42,1944.7,two-year,credit-card,fiber,1,2,0
CUST-000316,59.0,67,49.98,3004.4,month-to-month,electronic-check,none,1,3,0
CUST-000317,64.0,35,32.18,1113.38,month-to-month,credit-card,dsl,2,1,0
CUST-000318,63.0,4,125.17,474.06,two-year,credit-card,dsl,3,0,0
CUST-000319,77.0,36,36.99,1192.63,month-to-month,bank-transfer,fiber,0,4,1
CUST-000320,66.0,34,41.74,1249.76,one-year,credit-card,dsl,3,0,0
CUST-000321,38.0,63,52.05,2929.78,month-to-month,electronic-check,dsl,3,1,0
CUST-000322,24.0,52,78.23,3941.3,one-year,bank-transfer,fiber,1,2,0
CUST-000323,56.0,14,117.11,1507.15,month-to-month,electronic-check,fiber,3,0,1
CUST-000324,75.0,11,103.66,1154.15,month-to-month,mailed-check,dsl,1,1,1
CUST-000325,79.0,44,97.9,4418.63,month-to-month,electronic-check,dsl,1,1,1
CUST-000326,32.0,4,39.27,142.1,one-year,credit-card,fiber,2,2,0
CUST-000327,32.0,23,59.35,1279.45,one-year,credit-card,fiber,1,1,0
CUST-000328,20.0,10,72.62,657.15,month-to-month,,fiber,2,1,1
CUST-000329,26.0,2,36.22,67.28,month-to-month,electronic-check,none,3,1,0
CUST-000330,52.0,67,50.08,3089.16,two-year,mailed-check,none,2,3,0
CUST-000331,52.0,7,53.92,382.64,month-to-month,credit-card,fiber,3,0,0
CUST-000332,41.0,1,34.0,31.92,month-to-month,credit-card,fiber,1,1,0
CUST-000333,37.0,68,80.53,5280.25,one-year,credit-card,fiber,2,0,0
CUST-000334,70.0,14,97.55,1358.27,month-to-month,electronic-check,fiber,3,1,1
CUST-000335,46.0,59,27.69,1666.03,month-to-month,credit-card,dsl,3,1,0
CUST-000336,68.0,3,72.92,203.71,month-to-month,electronic-check,dsl,1,5,1
CUST-000337,78.0,12,106.04,1165.04,month-to-month,electronic-check,fiber,0,3,1
CUST-000338,37.0,8,102.28,856.15,month-to-month,bank-transfer,fiber,1,0,0
CUST-000339,30.0,51,109.66,5225.92,one-year,credit-card,fiber,1,2,0
CUST-000340,78.0,45,69.31,3100.49,one-year,electronic-check,dsl,0,0,0
CUST-000341,57.0,35,110.26,3840.7,month-to-month,electronic-check,dsl,4,1,1
CUST-000342,36.0,18,46.48,809.35,two-year,electronic-check,dsl,2,1,0
CUST-000343,57.0,7,59.69,383.92,month-to-month,electronic-check,fiber,3,0,1
CUST-000344,50.0,41,39.4,1460.4,one-year,credit-card,none,1,0,0
CUST-000345,75.0,17,71.42,1168.97,month-to-month,electronic-check,fiber,2,2,1
CUST-000346,34.0,43,63.13,,one-year,mailed-check,dsl,0,0,0
CUST-000347,80.0,50,46.5,2351.67,month-to-month,electronic-check,dsl,6,1,1
CUST-000348,76.0,62,102.7,6371.68,month-to-month,electronic-check,dsl,1,1,0
CUST-000349,29.0,36,54.52,2031.51,month-to-month,bank-transfer,dsl,0,1,0
CUST-000350,28.0,1,50.01,52.26,month-to-month,electronic-check,fiber,1,1,1
CUST-000351,51.0,21,34.4,725.1,month-to-month,credit-card,dsl,4,0,0
CUST-000352,20.0,62,68.27,3779.87,one-year,mailed-check,fiber,0,0,0
CUST-000353,36.0,39,53.33,1973.53,two-year,mailed-check,fiber,1,0,0
CUST-000354,45.0,45,60.62,2682.88,month-to-month,,fiber,1,0,0
CUST-000355,79.0,33,45.96,1486.85,two-year,electronic-check,fiber,0,1,0
CUST-000356,80.0,12,103.95,1136.19,one-year,credit-card,fiber,0,0,0
CUST-000357,,65,122.3,7783.36,two-year,mailed-check,fiber,1,0,0
CUST-000358,74.0,56,74.77,3933.57,one-year,mailed-check,dsl,1,3,0
CUST-000359,23.0,72,90.73,6125.04,one-year,electronic-check,fiber,1,1,0
CUST-000360,65.0,62,115.39,7310.01,month-to-month,credit-card,fiber,0,2,0
CUST-000361,71.0,21,129.87,2595.62,,electronic-check,none,3,1,0
CUST-000362,74.0,19,87.49,1611.87,two-year,electronic-check,none,1,0,0
CUST-000363,32.0,18,117.88,2070.25,month-to-month,bank-transfer,fiber,1,1,1
CUST-000364,74.0,67,119.95,7841.44,month-to-month,electronic-check,fiber,0,2,0
CUST-000365,25.0,41,107.06,4021.76,month-to-month,electronic-check,dsl,1,0,0
CUST-000366,50.0,33,70.7,2290.89,two-year,electronic-check,dsl,0,2,0
CUST-000367,47.0,70,28.93,1897.29,month-to-month,credit-card,fiber,0,0,0
CUST-000368,37.0,44,21.74,948.29,one-year,electronic-check,dsl,2,2,0
CUST-000369,19.0,66,72.49,4328.72,two-year,credit-card,fiber,3,0,0
CUST-000370,66.0,71,74.37,5539.0,two-year,electronic-check,fiber,3,1,0
CUST-000371,39.0,6,64.81,393.23,month-to-month,mailed-check,dsl,0,0,0
CUST-000372,59.0,27,82.5,2118.2,one-year,electronic-check,dsl,0,1,0
CUST-000373,43.0,53,80.74,3984.94,two-year,credit-card,dsl,0,0,0
CUST-000374,41.0,59,112.03,6252.36,month-to-month,electronic-check,fiber,0,2,1
CUST-000375,73.0,11,31.95,352.37,one-year,electronic-check,fiber,1,0,0
CUST-000376,23.0,23,44.77,1020.87,month-to-month,electronic-check,fiber,2,1,0
CUST-000377,64.0,40,107.23,4286.44,one-year,electronic-check,fiber,2,3,1
CUST-000378,65.0,58,113.26,6773.57,month-to-month,electronic-check,fiber,5,1,1
CUST-000379,41.0,9,129.43,1115.44,month-to-month,credit-card,dsl,3,2,1
CUST-000380,34.0,44,116.02,5073.32,month-to-month,bank-transfer,,3,0,1
CUST-000381,18.0,22,117.89,2477.02,month-to-month,electronic-check,dsl,1,1,0
CUST-000382,77.0,16,54.58,863.22,month-to-month,credit-card,fiber,3,1,0
CUST-000383,77.0,38,64.18,2343.04,one-year,credit-card,fiber,1,0,0
CUST-000384,33.0,30,49.49,1502.57,month-to-month,electronic-check,dsl,2,0,0
CUST-000385,20.0,46,,3512.78,month-to-month,credit-card,fiber,2,1,0
CUST-000386,25.0,23,,2598.95,one-year,electronic-check,dsl,3,1,0
CUST-000387,22.0,60,57.91,3232.75,one-year,electronic-check,fiber,2,1,0
CUST-000388,70.0,6,81.27,507.47,month-to-month,credit-card,dsl,1,0,1
CUST-000389,74.0,63,52.59,3201.18,two-year,mailed-check,dsl,2,2,0
CUST-000390,27.0,3,38.68,109.3,month-to-month,mailed-check,dsl,2,0,0
CUST-000391,65.0,53,41.47,2085.23,two-year,mailed-check,dsl,5,2,0
CUST-000392,29.0,25,26.37,630.78,month-to-month,credit-card,dsl,2,1,0
CUST-000393,41.0,28,124.42,3579.67,one-year,electronic-check,fiber,1,0,0
CUST-000394,55.0,2,64.32,134.25,two-year,electronic-check,dsl,2,2,1
CUST-000395,63.0,51,111.75,5833.23,two-year,electronic-check,dsl,0,0,0
CUST-000396,73.0,12,94.95,1165.7,one-year,electronic-check,none,2,1,0
CUST-000397,20.0,48,41.11,1803.25,one-year,electronic-check,fiber,2,0,0
CUST-000398,30.0,53,39.3,1928.09,month-to-month,credit-card,fiber,3,1,0
CUST-000399,35.0,61,109.32,6544.01,one-year,electronic-check,dsl,2,0,0
CUST-000400,37.0,51,49.12,2483.94,one-year,electronic-check,dsl,0,0,0
CUST-000401,80.0,22,120.46,2423.43,two-year,bank-transfer,fiber,1,0,0
CUST-000402,66.0,54,35.41,1925.27,month-to-month,credit-card,fiber,4,1,0
CUST-000403,38.0,60,94.55,5185.09,month-to-month,bank-transfer,fiber,2,0,0
CUST-000404,79.0,23,109.59,2330.8,one-year,electronic-check,,1,0,0
CUST-000405,49.0,9,45.88,384.91,month-to-month,credit-card,fiber,0,0,0
CUST-000406,49.0,65,50.38,3352.7,month-to-month,electronic-check,fiber,0,0,0
CUST-000407,45.0,11,126.1,1393.28,month-to-month,credit-card,fiber,0,1,1
CUST-000408,27.0,43,49.11,2048.84,one-year,electronic-check,none,2,0,0
CUST-000409,76.0,18,67.3,1234.85,,electronic-check,fiber,3,0,0
CUST-000410,18.0,10,,688.1,month-to-month,credit-card,fiber,5,0,1
CUST-000411,28.0,56,47.83,2534.57,month-to-month,,fiber,3,0,0
CUST-000412,32.0,11,105.34,1173.62,two-year,electronic-check,fiber,0,2,1
CUST-000413,35.0,49,104.9,4703.51,one-year,mailed-check,none,1,0,0
CUST-000414,26.0,50,61.61,2974.37,,electronic-check,none,1,2,0
CUST-000415,19.0,5,111.86,503.43,month-to-month,credit-card,fiber,1,1,0
CUST-000416,60.0,13,43.44,537.93,one-year,credit-card,fiber,2,0,0
CUST-000417,79.0,58,20.47,1149.82,month-to-month,electronic-check,fiber,0,0,0
CUST-000418,25.0,37,82.83,2738.58,one-year,credit-card,fiber,3,1,0
CUST-000419,36.0,9,129.35,1116.01,month-to-month,electronic-check,fiber,1,1,1
CUST-000420,49.0,72,24.25,1729.91,two-year,bank-transfer,fiber,2,0,0
CUST-000421,76.0,20,42.88,844.22,month-to-month,electronic-check,fiber,2,0,1
CUST-000422,61.0,1,77.08,68.54,one-year,electronic-check,dsl,1,0,0
CUST-000423,66.0,67,109.09,6550.41,month-to-month,electronic-check,fiber,0,3,0
CUST-000424,54.0,2,29.79,55.99,two-year,mailed-check,fiber,0,1,0
CUST-000425,44.0,40,63.48,2598.25,two-year,bank-transfer,dsl,1,0,0
CUST-000426,30.0,72,102.18,7561.91,one-year,mailed-check,fiber,4,2,0
CUST-000427,72.0,42,60.87,2384.32,month-to-month,bank-transfer,fiber,0,2,0
CUST-000428,68.0,43,40.77,1756.99,month-to-month,bank-transfer,fiber,2,3,0
CUST-000429,19.0,28,41.5,1136.62,one-year,credit-card,fiber,1,0,0
CUST-000430,63.0,10,65.11,681.82,one-year,mailed-check,fiber,1,1,0
CUST-000431,23.0,42,72.74,,month-to-month,credit-card,dsl,1,2,0
CUST-000432,64.0,65,114.8,7261.57,month-to-month,credit-card,none,1,0,0
CUST-000433,70.0,7,90.65,622.32,month-to-month,bank-transfer,fiber,0,1,1
CUST-000434,26.0,64,95.94,5724.49,two-year,credit-card,fiber,2,2,0
CUST-000435,45.0,30,128.13,3413.31,one-year,electronic-check,dsl,2,0,0
CUST-000436,25.0,39,65.3,2263.65,one-year,credit-card,dsl,0,0,0
CUST-000437,53.0,12,64.37,739.31,one-year,electronic-check,fiber,1,0,0
CUST-000438,76.0,45,121.57,5458.18,month-to-month,bank-transfer,fiber,2,1,0
CUST-000439,23.0,14,47.05,658.06,month-to-month,credit-card,fiber,3,0,0
CUST-000440,43.0,20,100.28,1826.63,month-to-month,bank-transfer,dsl,0,0,0
CUST-000441,79.0,52,,5494.48,one-year,credit-card,fiber,1,0,0
CUST-000442,36.0,4,30.76,116.16,month-to-month,bank-transfer,fiber,2,1,0
CUST-000443,26.0,33,71.51,2463.53,month-to-month,electronic-check,fiber,1,1,1
CUST-000444,48.0,43,42.06,1627.88,month-to-month,mailed-check,fiber,4,0,0
CUST-000445,50.0,10,40.39,412.87,month-to-month,credit-card,fiber,3,1,0
CUST-000446,59.0,22,71.02,1616.22,one-year,electronic-check,dsl,0,1,0
CUST-000447,37.0,25,51.84,1321.73,month-to-month,electronic-check,dsl,1,1,0
CUST-000448,78.0,48,107.57,5253.73,month-to-month,electronic-check,fiber,4,1,0
CUST-000449,50.0,71,119.84,8010.23,one-year,credit-card,fiber,1,1,0
CUST-000450,36.0,61,108.3,6614.68,month-to-month,bank-transfer,dsl,1,2,0
CUST-000451,78.0,14,49.26,674.81,month-to-month,mailed-check,fiber,1,0,0
CUST-000452,76.0,2,50.15,95.5,month-to-month,bank-transfer,fiber,1,0,0
CUST-000453,49.0,4,48.02,201.46,one-year,credit-card,fiber,1,2,0
CUST-000454,19.0,43,34.85,1392.72,month-to-month,credit-card,dsl,2,0,0
CUST-000455,55.0,12,123.82,1411.9,one-year,bank-transfer,dsl,0,0,0
CUST-000456,52.0,17,64.23,1128.47,two-year,bank-transfer,dsl,3,0,0
CUST-000457,27.0,62,44.72,2576.15,one-year,electronic-check,dsl,3,1,0
CUST-000458,57.0,63,113.13,6456.92,month-to-month,mailed-check,fiber,1,0,0
CUST-000459,70.0,61,63.91,3636.14,one-year,credit-card,fiber,1,3,0
CUST-000460,24.0,19,23.86,457.46,month-to-month,bank-transfer,fiber,4,2,1
CUST-000461,63.0,45,37.81,1745.99,month-to-month,mailed-check,dsl,2,0,0
CUST-000462,26.0,44,90.32,3574.51,month-to-month,,dsl,2,2,1
CUST-000463,65.0,14,106.12,1464.42,month-to-month,electronic-check,fiber,1,2,1
CUST-000464,44.0,40,43.2,1687.29,month-to-month,credit-card,dsl,1,1,0
CUST-000465,18.0,38,120.91,4565.61,month-to-month,electronic-check,fiber,1,0,0
CUST-000466,78.0,29,113.61,3275.18,month-to-month,bank-transfer,fiber,0,1,1
CUST-000467,28.0,55,113.32,6501.28,month-to-month,electronic-check,fiber,3,2,1
CUST-000468,55.0,49,45.04,2072.14,one-year,bank-transfer,dsl,2,1,0
CUST-000469,29.0,39,25.56,928.02,two-year,mailed-check,none,3,1,0
CUST-000470,76.0,53,115.42,5987.62,month-to-month,electronic-check,dsl,5,2,1
CUST-000471,64.0,55,53.64,2811.54,one-year,credit-card,none,1,0,0
CUST-000472,68.0,41,88.08,3468.77,month-to-month,bank-transfer,dsl,0,0,0
CUST-000473,45.0,20,103.6,1847.76,month-to-month,credit-card,dsl,2,1,1
CUST-000474,47.0,55,34.11,1698.2,month-to-month,electronic-check,dsl,3,0,0
CUST-000475,57.0,52,105.89,5721.1,month-to-month,electronic-check,fiber,0,1,0
CUST-000476,67.0,71,123.24,7801.62,month-to-month,credit-card,dsl,1,1,0
CUST-000477,71.0,11,100.12,1079.65,month-to-month,bank-transfer,dsl,2,0,0
CUST-000478,19.0,31,68.53,2142.02,month-to-month,credit-card,dsl,2,0,0
CUST-000479,59.0,67,116.43,6880.45,month-to-month,electronic-check,fiber,0,2,1
CUST-000480,24.0,38,78.02,2721.26,month-to-month,credit-card,,3,1,1
CUST-000481,36.0,68,101.92,6543.16,month-to-month,credit-card,none,2,0,0
CUST-000482,70.0,1,110.26,106.53,month-to-month,electronic-check,fiber,0,1,0
CUST-000483,33.0,3,102.43,288.26,month-to-month,bank-transfer,none,1,0,0
CUST-000484,68.0,58,51.66,2967.31,month-to-month,electronic-check,fiber,1,1,0
CUST-000485,,26,32.96,787.11,month-to-month,credit-card,fiber,2,0,1
CUST-000486,32.0,38,46.22,1553.21,month-to-month,mailed-check,fiber,2,0,0
CUST-000487,39.0,31,75.32,2055.35,month-to-month,credit-card,dsl,1,3,0
CUST-000488,51.0,30,75.58,2128.49,two-year,credit-card,dsl,3,2,0
CUST-000489,66.0,68,84.09,5383.51,month-to-month,electronic-check,fiber,1,0,0
CUST-000490,56.0,7,63.46,462.55,month-to-month,electronic-check,dsl,3,1,1
CUST-000491,76.0,56,106.56,5296.7,month-to-month,electronic-check,fiber,0,1,0
CUST-000492,72.0,65,120.45,7595.24,two-year,bank-transfer,fiber,0,0,0
CUST-000493,65.0,48,47.14,2213.46,one-year,bank-transfer,dsl,3,2,0
CUST-000494,,29,101.02,2926.29,one-year,electronic-check,dsl,2,1,0
CUST-000495,36.0,12,94.58,1122.0,two-year,electronic-check,dsl,2,1,0
CUST-000496,43.0,50,77.54,3417.12,month-to-month,electronic-check,dsl,0,1,0
CUST-000497,25.0,34,40.74,1367.73,two-year,credit-card,none,0,1,0
CUST-000498,41.0,11,107.48,1105.2,month-to-month,credit-card,fiber,0,0,0
CUST-000499,76.0,26,125.67,3304.63,one-year,bank-transfer,fiber,1,1,0
CUST-000500,44.0,70,99.4,6345.85,month-to-month,mailed-check,fiber,1,0,0
CUST-000501,25.0,20,120.96,2423.45,month-to-month,electronic-check,dsl,0,0,1
CUST-000502,59.0,13,128.26,1644.59,two-year,bank-transfer,dsl,1,1,0
CUST-000503,78.0,50,58.73,,month-to-month,credit-card,dsl,2,1,0
CUST-000504,72.0,15,90.2,1231.11,two-year,electronic-check,fiber,0,0,0
CUST-000505,35.0,67,72.13,4802.55,month-to-month,mailed-check,fiber,2,1,0
CUST-000506,46.0,62,128.53,8010.99,one-year,electronic-check,dsl,2,1,0
CUST-000507,51.0,71,30.32,2073.5,two-year,bank-transfer,none,2,2,0
CUST-000508,,66,65.36,4045.71,month-to-month,bank-transfer,fiber,5,0,1
CUST-000509,34.0,18,,1901.63,two-year,mailed-check,fiber,3,0,0
CUST-000510,32.0,16,51.25,762.02,one-year,credit-card,fiber,3,0,0
CUST-000511,80.0,25,106.66,,one-year,electronic-check,fiber,3,2,0
CUST-000512,64.0,34,62.11,2005.3,month-to-month,bank-transfer,fiber,3,3,1
CUST-000513,70.0,64,127.8,8174.79,month-to-month,bank-transfer,fiber,1,0,0
CUST-000514,69.0,53,117.19,6247.19,one-year,credit-card,,1,0,0
CUST-000515,78.0,47,53.15,2484.58,month-to-month,,fiber,4,0,0
CUST-000516,24.0,64,104.72,6665.23,month-to-month,electronic-check,fiber,1,0,0
CUST-000517,73.0,47,57.05,2638.01,month-to-month,credit-card,fiber,2,0,0
CUST-000518,22.0,28,86.7,2350.24,two-year,bank-transfer,none,3,0,0
CUST-000519,47.0,30,92.43,2533.4,month-to-month,electronic-check,fiber,0,1,1
CUST-000520,55.0,38,111.26,4326.29,one-year,credit-card,fiber,0,0,0
CUST-000521,40.0,7,22.69,165.81,two-year,,,3,0,0
CUST-000522,27.0,54,44.22,2290.7,month-to-month,bank-transfer,dsl,1,1,0
CUST-000523,30.0,47,98.31,4799.16,month-to-month,mailed-check,dsl,1,1,0
CUST-000524,69.0,53,81.99,4561.26,one-year,credit-card,fiber,1,0,0
CUST-000525,38.0,39,74.52,2797.74,month-to-month,mailed-check,fiber,3,0,0
CUST-000526,37.0,57,26.07,1490.66,one-year,electronic-check,fiber,3,0,0
CUST-000527,,69,58.31,3980.92,one-year,credit-card,dsl,2,0,0
CUST-000528,27.0,42,115.16,4451.4,one-year,credit-card,none,1,1,0
CUST-000529,75.0,32,23.4,664.94,month-to-month,bank-transfer,fiber,1,0,0
CUST-000530,76.0,8,63.61,487.03,one-year,mailed-check,fiber,1,1,0
CUST-000531,55.0,57,123.97,7163.98,one-year,bank-transfer,dsl,1,0,0
CUST-000532,28.0,66,,,month-to-month,credit-card,dsl,1,0,0
CUST-000533,27.0,51,102.47,5295.76,one-year,credit-card,fiber,0,1,0
CUST-000534,35.0,63,48.34,3018.97,two-year,credit-card,fiber,3,2,0
CUST-000535,54.0,63,115.33,7253.02,one-year,credit-card,fiber,0,1,0
CUST-000536,27.0,58,102.07,5497.23,month-to-month,electronic-check,dsl,0,0,0
CUST-000537,46.0,37,117.43,4170.71,month-to-month,credit-card,dsl,3,0,1
CUST-000538,25.0,8,43.75,318.81,month-to-month,bank-transfer,dsl,2,1,0
CUST-000539,52.0,1,78.44,72.32,month-to-month,bank-transfer,dsl,1,0,0
CUST-000540,19.0,15,105.72,1419.73,month-to-month,bank-transfer,fiber,2,1,1
CUST-000541,62.0,32,47.03,1356.8,two-year,credit-card,fiber,3,2,0
CUST-000542,21.0,54,45.38,2244.16,month-to-month,credit-card,fiber,0,2,0
CUST-000543,30.0,33,22.99,,one-year,electronic-check,dsl,2,4,0
CUST-000544,,2,,239.59,month-to-month,credit-card,dsl,1,1,0
CUST-000545,70.0,16,98.1,1452.48,month-to-month,credit-card,fiber,1,1,1
CUST-000546,21.0,71,89.91,6552.07,month-to-month,electronic-check,fiber,1,1,0
CUST-000547,45.0,72,101.84,7107.19,month-to-month,electronic-check,dsl,1,1,0
CUST-000548,55.0,28,78.48,2278.59,one-year,bank-transfer,dsl,0,2,0
CUST-000549,50.0,58,72.37,4146.86,two-year,credit-card,dsl,0,0,0
CUST-000550,60.0,52,69.45,3187.72,two-year,credit-card,fiber,3,0,0
CUST-000551,68.0,68,90.45,6367.66,month-to-month,electronic-check,none,1,1,1
CUST-000552,42.0,64,42.17,2768.43,one-year,credit-card,dsl,1,1,0
CUST-000553,70.0,46,117.69,5348.75,month-to-month,credit-card,dsl,4,0,0
CUST-000554,38.0,29,109.29,3077.22,two-year,credit-card,dsl,0,0,0
CUST-000555,80.0,46,58.45,2573.08,month-to-month,credit-card,none,0,3,0
CUST-000556,49.0,23,83.65,1850.78,month-to-month,electronic-check,none,3,1,0
CUST-000557,,26,35.51,933.2,month-to-month,mailed-check,dsl,3,2,0
CUST-000558,73.0,44,126.96,5403.2,month-to-month,electronic-check,fiber,0,1,0
CUST-000559,67.0,42,119.32,4560.03,month-to-month,,fiber,0,0,0
CUST-000560,71.0,42,121.41,4537.75,two-year,electronic-check,dsl,2,2,0
CUST-000561,51.0,28,56.54,1427.11,one-year,credit-card,dsl,1,1,0
CUST-000562,20.0,30,38.6,1068.54,two-year,electronic-check,fiber,1,2,0
CUST-000563,49.0,1,43.29,40.8,month-to-month,bank-transfer,fiber,0,2,0
CUST-000564,29.0,44,29.9,1357.32,one-year,credit-card,none,2,0,0
CUST-000565,74.0,42,33.21,1284.13,month-to-month,bank-transfer,dsl,0,0,0
CUST-000566,32.0,68,27.84,1768.8,month-to-month,electronic-check,none,1,3,0
CUST-000567,32.0,37,128.88,4377.12,month-to-month,electronic-check,fiber,0,1,1
CUST-000568,33.0,34,28.15,931.04,month-to-month,credit-card,dsl,0,1,0
CUST-000569,58.0,5,34.58,170.29,one-year,credit-card,dsl,3,0,0
CUST-000570,53.0,15,111.0,1615.82,month-to-month,credit-card,fiber,3,0,0
CUST-000571,77.0,25,83.83,2183.39,month-to-month,mailed-check,fiber,1,2,0
CUST-000572,44.0,28,105.19,3090.27,one-year,bank-transfer,none,2,0,0
CUST-000573,35.0,27,,2467.77,month-to-month,mailed-check,fiber,3,1,0
CUST-000574,21.0,29,,3451.52,two-year,electronic-check,dsl,2,0,0
CUST-000575,18.0,56,90.23,4760.97,month-to-month,bank-transfer,dsl,3,4,1
CUST-000576,41.0,10,77.43,757.7,one-year,credit-card,dsl,2,0,0
CUST-000577,76.0,24,98.4,2219.31,one-year,credit-card,fiber,0,0,0
CUST-000578,50.0,12,69.21,841.6,one-year,mailed-check,dsl,0,2,0
CUST-000579,74.0,23,58.07,1214.35,one-year,bank-transfer,fiber,1,0,0
CUST-000580,24.0,50,71.44,3274.93,two-year,mailed-check,dsl,1,0,0
CUST-000581,23.0,4,38.67,137.14,one-year,bank-transfer,fiber,1,0,0
CUST-000582,70.0,25,107.62,2646.16,month-to-month,electronic-check,dsl,4,1,0
CUST-000583,24.0,2,48.68,97.07,month-to-month,bank-transfer,dsl,0,2,0
CUST-000584,21.0,69,36.89,2241.42,one-year,credit-card,fiber,0,1,0
CUST-000585,43.0,53,47.1,2413.51,month-to-month,mailed-check,fiber,1,0,0
CUST-000586,76.0,18,112.63,,month-to-month,bank-transfer,dsl,1,0,0
CUST-000587,61.0,15,56.32,857.22,month-to-month,electronic-check,fiber,4,0,1
CUST-000588,24.0,8,95.47,677.16,month-to-month,electronic-check,fiber,0,0,1
CUST-000589,70.0,35,114.21,3550.67,month-to-month,electronic-check,fiber,2,0,0
CUST-000590,71.0,55,28.55,1547.38,one-year,credit-card,none,2,0,0
CUST-000591,68.0,43,104.15,4391.47,one-year,electronic-check,dsl,1,0,0
CUST-000592,74.0,64,53.84,3519.1,,bank-transfer,fiber,4,1,0
CUST-000593,33.0,25,43.83,1074.59,month-to-month,credit-card,none,0,0,0
CUST-000594,79.0,21,95.78,2094.64,month-to-month,bank-transfer,fiber,2,1,1
CUST-000595,38.0,35,120.08,3923.08,one-year,electronic-check,fiber,0,2,0
CUST-000596,68.0,15,52.45,745.56,month-to-month,credit-card,fiber,2,0,0
CUST-000597,54.0,71,82.57,6133.34,one-year,electronic-check,fiber,0,2,0
CUST-000598,67.0,14,51.88,652.44,month-to-month,mailed-check,fiber,0,0,0
CUST-000599,57.0,35,80.97,2877.32,two-year,electronic-check,dsl,2,0,0
CUST-000600,58.0,38,88.4,2962.7,month-to-month,electronic-check,fiber,2,1,0
CUST-000601,56.0,5,87.14,419.45,two-year,electronic-check,dsl,1,0,0
CUST-000602,67.0,34,88.59,2729.16,one-year,bank-transfer,fiber,1,2,0
CUST-000603,64.0,33,34.86,1129.45,month-to-month,electronic-check,fiber,2,0,0
CUST-000604,26.0,19,96.29,1858.21,one-year,credit-card,fiber,3,1,0
CUST-000605,70.0,10,94.22,834.43,month-to-month,bank-transfer,dsl,1,2,0
CUST-000606,51.0,4,95.08,345.27,one-year,bank-transfer,,0,0,0
CUST-000607,38.0,1,28.15,26.41,one-year,electronic-check,fiber,0,0,0
CUST-000608,50.0,35,69.15,2235.07,month-to-month,electronic-check,fiber,0,0,0
CUST-000609,78.0,7,64.99,429.98,month-to-month,credit-card,fiber,3,1,1
CUST-000610,72.0,70,29.54,2154.27,one-year,electronic-check,dsl,2,0,0
CUST-000611,70.0,18,44.46,718.02,month-to-month,bank-transfer,fiber,2,1,0
CUST-000612,47.0,47,68.51,3065.28,two-year,credit-card,dsl,2,1,0
CUST-000613,67.0,49,101.72,4773.47,one-year,credit-card,fiber,2,1,0
CUST-000614,42.0,36,46.08,1538.87,one-year,electronic-check,fiber,4,4,1
CUST-000615,61.0,64,111.27,6603.89,month-to-month,credit-card,dsl,1,1,0
CUST-000616,58.0,8,80.04,641.29,one-year,electronic-check,fiber,3,1,0
CUST-000617,33.0,17,103.65,1735.68,two-year,bank-transfer,fiber,2,0,0
CUST-000618,34.0,19,71.98,1392.49,month-to-month,electronic-check,none,0,1,0
CUST-000619,21.0,10,74.91,710.79,month-to-month,mailed-check,fiber,1,1,1
CUST-000620,26.0,22,88.17,1907.04,month-to-month,bank-transfer,fiber,0,2,0
CUST-000621,45.0,23,122.08,2897.44,month-to-month,electronic-check,fiber,0,0,0
CUST-000622,48.0,56,74.1,4252.2,one-year,electronic-check,dsl,1,0,0
CUST-000623,28.0,22,78.15,1781.89,month-to-month,electronic-check,dsl,2,0,0
CUST-000624,44.0,64,86.22,5108.23,one-year,electronic-check,fiber,0,0,0
CUST-000625,56.0,56,101.13,5932.41,month-to-month,electronic-check,none,0,1,0
CUST-000626,32.0,65,27.9,1847.57,month-to-month,bank-transfer,dsl,1,0,0
CUST-000627,39.0,8,76.73,623.12,month-to-month,credit-card,none,2,0,0
CUST-000628,41.0,71,72.98,5147.84,two-year,electronic-check,dsl,1,1,0
CUST-000629,49.0,45,121.39,5720.14,one-year,credit-card,none,2,0,0
CUST-000630,41.0,71,74.29,5037.58,month-to-month,electronic-check,dsl,3,1,0
CUST-000631,64.0,26,71.52,1870.79,one-year,mailed-check,fiber,1,1,0
CUST-000632,38.0,69,125.84,8672.52,month-to-month,electronic-check,fiber,0,2,1
CUST-000633,,43,69.56,3004.41,month-to-month,bank-transfer,dsl,0,2,0
CUST-000634,41.0,6,39.9,241.26,month-to-month,bank-transfer,fiber,2,1,1
CUST-000635,29.0,30,43.86,1200.57,two-year,electronic-check,dsl,0,1,0
CUST-000636,61.0,10,30.47,286.22,one-year,electronic-check,fiber,2,0,0
CUST-000637,32.0,68,20.06,1291.35,one-year,credit-card,dsl,4,0,0
CUST-000638,36.0,22,67.51,1495.85,month-to-month,bank-transfer,fiber,0,0,0
CUST-000639,67.0,17,104.62,1781.67,month-to-month,credit-card,none,1,0,0
CUST-000640,77.0,40,100.68,4114.48,one-year,bank-transfer,fiber,1,1,0
CUST-000641,60.0,31,23.54,739.99,month-to-month,bank-transfer,fiber,5,1,0
CUST-000642,75.0,7,82.7,568.09,two-year,bank-transfer,dsl,1,1,0
CUST-000643,71.0,59,36.97,1971.38,one-year,credit-card,dsl,2,0,0
CUST-000644,48.0,61,123.52,7444.51,month-to-month,credit-card,dsl,0,0,0
CUST-000645,66.0,54,38.41,2138.02,one-year,bank-transfer,none,1,2,0
CUST-000646,38.0,45,88.93,3959.19,two-year,electronic-check,fiber,1,2,1
CUST-000647,47.0,29,55.89,1673.09,month-to-month,bank-transfer,dsl,2,2,1
CUST-000648,51.0,40,90.57,3803.36,one-year,electronic-check,fiber,0,0,0
CUST-000649,78.0,38,65.35,2336.95,two-year,electronic-check,dsl,3,0,0
CUST-000650,71.0,12,103.56,1246.4,month-to-month,bank-transfer,fiber,5,1,1
CUST-000651,48.0,6,45.37,264.54,two-year,electronic-check,fiber,2,0,0
CUST-000652,59.0,19,119.64,2176.2,month-to-month,electronic-check,dsl,6,0,1
CUST-000653,30.0,33,75.02,2279.53,one-year,electronic-check,dsl,0,1,0
CUST-000654,68.0,12,103.17,1141.23,one-year,credit-card,fiber,2,1,0
CUST-000655,52.0,8,113.47,827.37,one-year,bank-transfer,none,2,0,0
CUST-000656,51.0,62,129.87,7950.1,month-to-month,electronic-check,dsl,2,0,1
CUST-000657,66.0,27,44.63,1089.51,one-year,electronic-check,fiber,3,0,0
CUST-000658,57.0,43,51.56,2113.62,month-to-month,credit-card,dsl,1,0,0
CUST-000659,22.0,38,47.55,1750.83,month-to-month,mailed-check,fiber,0,0,0
CUST-000660,36.0,53,48.92,2474.79,month-to-month,electronic-check,fiber,1,0,0
CUST-000661,29.0,54,,4654.81,one-year,mailed-check,dsl,2,0,0
CUST-000662,64.0,22,129.29,2717.35,month-to-month,mailed-check,fiber,4,1,1
CUST-000663,20.0,62,128.93,7146.98,month-to-month,electronic-check,fiber,0,0,0
CUST-000664,30.0,27,77.95,2207.09,two-year,bank-transfer,dsl,0,0,0
CUST-000665,55.0,61,90.29,5637.93,month-to-month,bank-transfer,fiber,3,4,1
CUST-000666,61.0,30,114.6,3411.21,month-to-month,credit-card,dsl,0,1,0
CUST-000667,49.0,8,122.62,989.37,month-to-month,credit-card,dsl,2,1,1
CUST-000668,72.0,55,42.42,2103.97,month-to-month,bank-transfer,fiber,1,0,0
CUST-000669,75.0,3,78.14,236.81,one-year,bank-transfer,dsl,0,3,0
CUST-000670,26.0,56,111.61,5720.88,month-to-month,bank-transfer,fiber,1,0,0
CUST-000671,78.0,4,53.35,205.53,month-to-month,mailed-check,dsl,2,0,0
CUST-000672,56.0,15,68.38,933.65,two-year,credit-card,fiber,1,1,0
CUST-000673,58.0,44,128.42,5696.49,one-year,bank-transfer,none,0,0,0
CUST-000674,23.0,68,128.36,8045.99,,bank-transfer,fiber,3,1,0
CUST-000675,57.0,30,119.67,,two-year,electronic-check,dsl,3,2,0
CUST-000676,63.0,9,107.83,872.03,two-year,electronic-check,fiber,1,0,0
CUST-000677,54.0,17,49.6,845.31,month-to-month,credit-card,fiber,2,0,0
CUST-000678,23.0,65,55.29,3343.34,one-year,bank-transfer,fiber,3,0,0
CUST-000679,50.0,53,80.2,4115.04,one-year,electronic-check,dsl,2,1,0
CUST-000680,76.0,8,81.69,612.01,month-to-month,bank-transfer,none,1,0,0
CUST-000681,63.0,28,75.61,2141.85,month-to-month,electronic-check,fiber,6,3,1
CUST-000682,26.0,20,90.03,1653.86,month-to-month,credit-card,fiber,0,1,1
CUST-000683,78.0,13,64.92,877.67,one-year,credit-card,fiber,3,0,0
CUST-000684,78.0,61,102.41,5838.63,one-year,electronic-check,fiber,1,2,0
CUST-000685,28.0,45,56.69,2289.96,one-year,mailed-check,dsl,1,0,0
CUST-000686,68.0,13,56.37,674.81,month-to-month,electronic-check,none,1,0,0
CUST-000687,43.0,47,33.99,1425.91,,mailed-check,dsl,1,2,0
CUST-000688,55.0,30,40.76,1173.5,month-to-month,electronic-check,fiber,1,0,0
CUST-000689,46.0,5,113.56,523.82,month-to-month,mailed-check,fiber,1,2,1
CUST-000690,67.0,33,69.09,2349.8,two-year,credit-card,dsl,2,2,0
CUST-000691,80.0,14,45.07,610.73,two-year,electronic-check,,1,1,0
CUST-000692,68.0,18,103.53,1713.85,two-year,electronic-check,dsl,0,2,0
CUST-000693,76.0,64,80.94,4955.94,two-year,electronic-check,fiber,1,1,0
CUST-000694,77.0,52,22.33,1060.51,two-year,credit-card,fiber,3,1,0
CUST-000695,23.0,10,54.8,498.89,month-to-month,bank-transfer,dsl,1,0,0
CUST-000696,33.0,62,39.47,2278.56,month-to-month,credit-card,fiber,0,1,0
CUST-000697,63.0,42,92.15,3477.12,month-to-month,credit-card,none,3,3,1
CUST-000698,55.0,63,50.25,2887.39,month-to-month,credit-card,fiber,0,2,0
CUST-000699,21.0,54,27.14,1523.4,month-to-month,credit-card,fiber,1,2,0
CUST-000700,23.0,25,26.04,646.68,month-to-month,bank-transfer,fiber,2,1,0
CUST-000701,50.0,39,83.99,3395.46,two-year,credit-card,fiber,0,0,0
CUST-000702,56.0,39,22.39,806.55,month-to-month,bank-transfer,dsl,1,0,0
CUST-000703,28.0,52,113.37,6046.7,two-year,mailed-check,fiber,0,0,0
CUST-000704,28.0,18,37.09,,one-year,credit-card,dsl,2,0,0
CUST-000705,26.0,24,86.72,1882.55,one-year,electronic-check,dsl,1,1,0
CUST-000706,53.0,18,68.92,1261.4,one-year,electronic-check,fiber,2,2,0
CUST-000707,18.0,22,68.71,1345.55,month-to-month,credit-card,fiber,0,0,0
CUST-000708,54.0,12,27.9,317.67,one-year,electronic-check,fiber,2,3,0
CUST-000709,47.0,3,108.3,331.17,month-to-month,mailed-check,dsl,4,3,1
CUST-000710,47.0,68,118.24,7919.08,two-year,credit-card,dsl,1,1,0
CUST-000711,60.0,6,21.21,123.2,month-to-month,credit-card,fiber,2,2,1
CUST-000712,50.0,64,39.65,2385.64,month-to-month,bank-transfer,dsl,4,0,0
CUST-000713,63.0,1,119.43,106.62,one-year,electronic-check,fiber,0,1,1
CUST-000714,66.0,56,80.44,4722.96,one-year,bank-transfer,fiber,1,1,0
CUST-000715,75.0,24,36.5,796.91,month-to-month,electronic-check,fiber,2,1,1
CUST-000716,68.0,38,42.31,1484.63,one-year,credit-card,none,1,1,0
CUST-000717,50.0,21,92.6,1789.24,month-to-month,mailed-check,fiber,0,2,1
CUST-000718,49.0,36,99.73,3713.61,one-year,bank-transfer,fiber,3,2,0
CUST-000719,32.0,33,85.94,2863.89,month-to-month,bank-transfer,fiber,0,1,0
CUST-000720,55.0,39,124.85,4663.41,month-to-month,credit-card,dsl,0,0,0
CUST-000721,26.0,29,74.35,2247.62,month-to-month,bank-transfer,fiber,0,1,0
CUST-000722,76.0,39,53.03,1838.55,,credit-card,fiber,3,2,0
CUST-000723,71.0,60,72.5,4488.87,month-to-month,credit-card,fiber,1,0,0
CUST-000724,25.0,32,59.56,,month-to-month,electronic-check,dsl,2,0,0
CUST-000725,67.0,27,44.69,1142.07,month-to-month,electronic-check,fiber,1,0,0
CUST-000726,25.0,10,25.06,222.83,month-to-month,credit-card,none,3,2,1
CUST-000727,63.0,26,58.74,1603.33,month-to-month,electronic-check,fiber,1,0,0
CUST-000728,23.0,10,98.26,1017.43,month-to-month,bank-transfer,fiber,2,1,0
CUST-000729,48.0,14,22.03,302.07,one-year,bank-transfer,none,2,2,0
CUST-000730,59.0,69,68.31,4322.34,two-year,mailed-check,dsl,1,2,0
CUST-000731,63.0,7,90.84,589.49,month-to-month,electronic-check,fiber,1,1,1
CUST-000732,,35,87.14,2916.99,two-year,mailed-check,dsl,0,0,0
CUST-000733,76.0,61,105.43,6012.38,month-to-month,electronic-check,dsl,2,0,0
CUST-000734,66.0,69,109.16,6655.49,month-to-month,credit-card,fiber,0,2,0
CUST-000735,31.0,11,98.29,1072.07,one-year,bank-transfer,dsl,2,1,0
CUST-000736,60.0,12,31.31,369.81,one-year,electronic-check,dsl,1,1,0
CUST-000737,64.0,27,72.25,2016.55,two-year,electronic-check,fiber,0,0,0
CUST-000738,39.0,40,86.37,3320.29,month-to-month,electronic-check,dsl,2,3,1
CUST-000739,64.0,70,47.01,3088.65,one-year,credit-card,fiber,1,1,0
CUST-000740,74.0,15,24.68,357.97,month-to-month,bank-transfer,fiber,3,0,0
CUST-000741,69.0,12,44.59,488.58,month-to-month,electronic-check,none,2,0,0
CUST-000742,66.0,19,70.04,1312.58,month-to-month,electronic-check,dsl,2,2,0
CUST-000743,57.0,63,65.53,4173.41,two-year,credit-card,dsl,1,0,0
CUST-000744,35.0,3,39.43,107.18,month-to-month,electronic-check,dsl,1,1,0
CUST-000745,68.0,28,110.69,2895.15,two-year,bank-transfer,dsl,2,0,0
CUST-000746,40.0,9,121.83,1126.65,one-year,mailed-check,fiber,2,1,0
CUST-000747,51.0,12,42.15,488.57,one-year,bank-transfer,none,1,2,0
CUST-000748,37.0,67,122.25,7948.4,one-year,bank-transfer,dsl,2,0,0
CUST-000749,37.0,1,21.96,22.02,two-year,credit-card,dsl,1,1,0
CUST-000750,27.0,24,121.75,2858.42,month-to-month,bank-transfer,fiber,1,0,0
CUST-000751,78.0,66,124.71,7340.52,month-to-month,electronic-check,fiber,1,1,0
CUST-000752,27.0,44,21.33,954.17,one-year,electronic-check,fiber,1,1,0
CUST-000753,23.0,6,103.93,646.58,month-to-month,bank-transfer,fiber,3,0,1
CUST-000754,76.0,34,126.72,3830.48,month-to-month,electronic-check,fiber,1,1,1
CUST-000755,52.0,70,119.65,7543.08,month-to-month,mailed-check,dsl,1,1,0
CUST-000756,45.0,29,126.78,3674.18,month-to-month,bank-transfer,dsl,1,1,0
CUST-000757,64.0,39,80.54,3086.91,month-to-month,mailed-check,fiber,2,1,0
CUST-000758,42.0,39,28.6,1054.08,month-to-month,electronic-check,fiber,0,1,0
CUST-000759,26.0,48,113.48,5292.74,two-year,credit-card,dsl,2,2,0
CUST-000760,63.0,14,87.52,1224.75,month-to-month,bank-transfer,fiber,0,0,0
CUST-000761,29.0,61,87.62,5161.82,two-year,electronic-check,none,0,0,0
CUST-000762,52.0,72,65.9,4288.5,two-year,credit-card,fiber,2,2,0
CUST-000763,77.0,11,82.9,816.34,month-to-month,bank-transfer,fiber,0,0,0
CUST-000764,76.0,59,36.89,2077.71,one-year,mailed-check,fiber,1,1,0
CUST-000765,40.0,59,101.37,6201.47,one-year,bank-transfer,none,1,0,0
CUST-000766,67.0,54,28.25,1487.09,one-year,electronic-check,fiber,4,0,0
CUST-000767,56.0,27,100.28,2547.54,month-to-month,credit-card,dsl,0,2,0
CUST-000768,48.0,34,113.39,3988.19,month-to-month,credit-card,fiber,2,0,1
CUST-000769,26.0,61,71.97,4153.4,month-to-month,electronic-check,fiber,1,0,0
CUST-000770,41.0,12,76.08,882.43,one-year,credit-card,dsl,0,2,0
CUST-000771,59.0,60,54.34,2933.72,two-year,electronic-check,fiber,4,0,0
CUST-000772,80.0,67,126.64,8530.34,one-year,electronic-check,fiber,0,2,0
CUST-000773,,50,100.64,5027.23,one-year,credit-card,dsl,2,0,0
CUST-000774,63.0,25,60.59,1537.5,two-year,electronic-check,dsl,0,1,1
CUST-000775,71.0,41,39.23,1504.34,one-year,credit-card,fiber,2,1,0
CUST-000776,77.0,4,44.15,168.5,month-to-month,electronic-check,fiber,4,0,1
CUST-000777,44.0,68,71.03,4388.66,two-year,bank-transfer,none,3,1,0
CUST-000778,25.0,25,123.68,3227.94,month-to-month,electronic-check,dsl,1,0,0
CUST-000779,35.0,5,100.76,450.72,month-to-month,mailed-check,dsl,5,2,1
CUST-000780,71.0,58,43.68,2508.95,month-to-month,electronic-check,dsl,3,0,0
CUST-000781,73.0,48,114.55,5497.82,two-year,credit-card,dsl,3,0,0
CUST-000782,58.0,45,61.6,2513.69,month-to-month,electronic-check,fiber,0,1,0
CUST-000783,25.0,4,113.69,428.43,month-to-month,electronic-check,fiber,1,0,1
CUST-000784,,55,46.59,2273.74,month-to-month,credit-card,dsl,1,2,0
CUST-000785,48.0,46,88.05,3947.52,month-to-month,bank-transfer,dsl,1,2,0
CUST-000786,55.0,58,121.93,7419.45,month-to-month,mailed-check,none,0,1,0
CUST-000787,20.0,60,48.37,2766.03,one-year,electronic-check,,1,0,0
CUST-000788,61.0,16,96.22,1613.88,two-year,electronic-check,fiber,0,2,1
CUST-000789,52.0,16,128.6,1854.84,month-to-month,bank-transfer,dsl,1,2,0
CUST-000790,18.0,67,36.57,2319.64,month-to-month,credit-card,dsl,1,2,0
CUST-000791,24.0,39,29.72,1197.72,month-to-month,electronic-check,fiber,2,2,0
CUST-000792,46.0,32,94.16,3100.62,month-to-month,bank-transfer,dsl,1,0,0
CUST-000793,63.0,21,57.37,1126.47,one-year,,dsl,2,0,0
CUST-000794,70.0,47,27.84,1302.41,one-year,bank-transfer,fiber,4,0,0
CUST-000795,,55,72.28,4097.23,one-year,credit-card,dsl,2,2,0
CUST-000796,36.0,1,102.91,103.98,month-to-month,credit-card,dsl,1,1,1
CUST-000797,79.0,40,51.36,2027.37,one-year,electronic-check,none,1,0,0
CUST-000798,46.0,72,56.86,3708.84,month-to-month,,fiber,1,2,0
CUST-000799,37.0,21,113.03,2118.25,month-to-month,electronic-check,dsl,1,0,0
CUST-000800,45.0,21,77.21,1596.26,two-year,bank-transfer,fiber,3,1,0
CUST-000801,18.0,64,112.7,6960.69,one-year,bank-transfer,dsl,0,0,0
CUST-000802,37.0,5,69.1,318.02,two-year,bank-transfer,fiber,1,0,0
CUST-000803,50.0,29,124.83,3365.84,two-year,electronic-check,dsl,1,1,0
CUST-000804,75.0,33,91.59,2861.24,one-year,electronic-check,none,6,3,0
CUST-000805,64.0,58,32.75,1831.57,two-year,credit-card,dsl,4,2,0
CUST-000806,67.0,10,117.36,1110.63,month-to-month,,dsl,6,2,1
CUST-000807,52.0,32,73.82,2234.3,month-to-month,mailed-check,fiber,1,1,0
CUST-000808,24.0,11,35.58,352.11,month-to-month,credit-card,dsl,1,0,0
CUST-000809,42.0,57,36.8,2154.55,month-to-month,bank-transfer,fiber,1,0,0
CUST-000810,80.0,46,95.63,4326.64,month-to-month,electronic-check,dsl,3,1,0
CUST-000811,20.0,36,25.21,821.19,month-to-month,credit-card,fiber,0,0,0
CUST-000812,73.0,29,51.53,1422.73,one-year,electronic-check,dsl,4,2,1
CUST-000813,61.0,12,35.38,403.69,one-year,bank-transfer,fiber,4,3,0
CUST-000814,35.0,67,68.52,4508.69,one-year,electronic-check,dsl,0,1,0
CUST-000815,67.0,47,65.58,3031.43,month-to-month,electronic-check,dsl,1,2,1
CUST-000816,70.0,23,77.41,1762.07,one-year,bank-transfer,fiber,2,1,0
CUST-000817,20.0,30,50.76,1520.73,month-to-month,credit-card,fiber,0,1,0
CUST-000818,24.0,53,23.52,1118.88,month-to-month,electronic-check,dsl,2,1,0
CUST-000819,59.0,52,87.58,4243.73,month-to-month,electronic-check,dsl,1,2,1
CUST-000820,80.0,34,61.11,1834.54,month-to-month,credit-card,fiber,3,0,0
CUST-000821,19.0,22,91.65,1930.18,month-to-month,electronic-check,fiber,1,2,1
CUST-000822,59.0,48,31.95,1461.53,one-year,electronic-check,fiber,1,2,0
CUST-000823,26.0,48,21.52,1037.95,one-year,credit-card,dsl,0,1,0
CUST-000824,58.0,44,47.31,1890.98,one-year,electronic-check,dsl,2,0,0
CUST-000825,57.0,6,70.22,415.99,month-to-month,credit-card,fiber,0,1,0
CUST-000826,23.0,35,63.35,2066.78,one-year,credit-card,,1,2,0
CUST-000827,60.0,45,109.13,4640.39,one-year,electronic-check,dsl,2,1,0
CUST-000828,74.0,69,61.56,4257.32,month-to-month,electronic-check,dsl,1,3,0
CUST-000829,72.0,38,78.35,2656.24,one-year,electronic-check,fiber,4,0,0
CUST-000830,19.0,25,85.29,2000.63,month-to-month,electronic-check,fiber,5,0,1
CUST-000831,33.0,41,22.4,869.29,month-to-month,electronic-check,fiber,1,1,0
CUST-000832,33.0,13,76.66,998.25,month-to-month,mailed-check,fiber,2,1,1
CUST-000833,46.0,7,57.93,370.58,month-to-month,bank-transfer,fiber,3,1,1
CUST-000834,27.0,49,66.34,3384.13,month-to-month,credit-card,fiber,0,2,0
CUST-000835,71.0,72,31.03,2345.02,month-to-month,credit-card,fiber,1,1,0
CUST-000836,66.0,61,106.11,6597.08,month-to-month,credit-card,dsl,2,2,0
CUST-000837,68.0,43,123.66,4950.22,two-year,bank-transfer,fiber,1,1,0
CUST-000838,30.0,3,,66.87,month-to-month,electronic-check,dsl,2,0,0
CUST-000839,18.0,72,86.15,5546.14,month-to-month,electronic-check,fiber,3,1,1
CUST-000840,75.0,33,104.02,,month-to-month,electronic-check,dsl,1,4,0
CUST-000841,36.0,21,51.33,1043.13,two-year,electronic-check,fiber,1,1,0
CUST-000842,59.0,65,106.63,6307.13,one-year,electronic-check,dsl,2,0,0
CUST-000843,75.0,54,89.56,4525.08,two-year,bank-transfer,dsl,1,3,0
CUST-000844,20.0,54,122.21,6705.76,month-to-month,mailed-check,fiber,1,0,0
CUST-000845,18.0,20,127.91,2629.67,month-to-month,,dsl,2,1,1
CUST-000846,18.0,72,24.66,1719.33,one-year,credit-card,fiber,1,1,0
CUST-000847,27.0,33,68.94,2187.78,month-to-month,credit-card,dsl,2,0,1
CUST-000848,21.0,39,80.17,3150.47,one-year,,fiber,0,3,1
CUST-000849,69.0,55,36.14,2028.35,two-year,credit-card,fiber,0,1,0
CUST-000850,56.0,48,56.99,2762.94,month-to-month,electronic-check,fiber,3,1,0
CUST-000851,79.0,13,128.64,1580.93,two-year,bank-transfer,dsl,1,1,0
CUST-000852,68.0,22,21.79,474.17,one-year,mailed-check,fiber,2,0,0
CUST-000853,78.0,27,69.78,1932.58,month-to-month,bank-transfer,dsl,2,2,0
CUST-000854,33.0,69,112.69,7043.14,month-to-month,bank-transfer,fiber,0,0,0
CUST-000855,36.0,52,55.63,2736.5,month-to-month,credit-card,fiber,2,2,0
CUST-000856,71.0,27,72.78,1748.17,one-year,electronic-check,fiber,2,0,0
CUST-000857,33.0,53,127.59,6420.84,month-to-month,electronic-check,none,2,3,1
CUST-000858,21.0,54,72.24,3944.99,month-to-month,credit-card,dsl,2,4,1
CUST-000859,60.0,29,34.4,911.3,one-year,electronic-check,fiber,2,0,0
CUST-000860,68.0,30,25.69,749.21,month-to-month,bank-transfer,dsl,4,1,0
CUST-000861,78.0,65,124.0,7142.93,month-to-month,credit-card,fiber,2,0,0
CUST-000862,76.0,41,49.24,2084.66,one-year,credit-card,fiber,2,0,0
CUST-000863,25.0,11,75.45,846.05,month-to-month,electronic-check,dsl,1,1,1
CUST-000864,66.0,52,29.98,1510.87,month-to-month,mailed-check,fiber,1,1,0
CUST-000865,71.0,43,66.6,2863.75,month-to-month,electronic-check,fiber,1,0,0
CUST-000866,61.0,37,122.31,4062.36,month-to-month,electronic-check,dsl,0,0,0
CUST-000867,69.0,53,,4083.8,month-to-month,electronic-check,fiber,1,2,0
CUST-000868,70.0,66,126.82,,one-year,bank-transfer,dsl,2,1,0
CUST-000869,46.0,24,48.47,1047.41,two-year,mailed-check,dsl,4,3,1
CUST-000870,20.0,31,75.5,2449.84,month-to-month,electronic-check,dsl,1,1,1
CUST-000871,46.0,14,114.55,1417.4,two-year,mailed-check,dsl,1,0,0
CUST-000872,30.0,47,69.31,3214.72,one-year,electronic-check,dsl,1,0,0
CUST-000873,25.0,29,50.74,1337.85,one-year,bank-transfer,fiber,2,0,0
CUST-000874,25.0,25,114.1,,one-year,electronic-check,dsl,1,0,0
CUST-000875,61.0,51,62.89,2860.89,one-year,credit-card,dsl,3,1,0
CUST-000876,49.0,30,78.38,2101.65,one-year,bank-transfer,none,1,3,0
CUST-000877,52.0,34,127.42,4155.82,month-to-month,credit-card,fiber,3,1,0
CUST-000878,64.0,32,40.51,1359.82,month-to-month,electronic-check,dsl,1,1,0
CUST-000879,52.0,19,53.15,936.14,month-to-month,bank-transfer,dsl,2,3,0
CUST-000880,57.0,10,23.42,230.48,month-to-month,mailed-check,fiber,2,2,0
CUST-000881,23.0,60,63.1,3665.46,,credit-card,dsl,2,3,0
CUST-000882,71.0,7,42.02,300.95,month-to-month,bank-transfer,fiber,2,0,1
CUST-000883,46.0,24,94.8,,month-to-month,bank-transfer,fiber,4,0,0
CUST-000884,27.0,49,39.95,1907.32,month-to-month,electronic-check,dsl,1,1,0
CUST-000885,69.0,10,94.23,981.51,month-to-month,bank-transfer,fiber,0,1,0
CUST-000886,64.0,48,48.98,2201.84,one-year,electronic-check,fiber,2,3,0
CUST-000887,21.0,53,59.07,2988.89,one-year,bank-transfer,fiber,1,0,0
CUST-000888,30.0,48,58.37,2888.89,month-to-month,electronic-check,fiber,1,1,0
CUST-000889,18.0,22,98.84,2036.45,month-to-month,electronic-check,dsl,4,2,1
CUST-000890,35.0,2,71.32,134.75,month-to-month,credit-card,dsl,1,2,1
CUST-000891,24.0,64,59.74,,month-to-month,credit-card,dsl,0,1,0
CUST-000892,62.0,24,113.79,2779.08,one-year,bank-transfer,fiber,2,0,0
CUST-000893,50.0,58,82.91,4992.31,one-year,mailed-check,dsl,2,1,0
CUST-000894,79.0,15,43.52,644.5,month-to-month,electronic-check,dsl,2,1,0
CUST-000895,65.0,12,119.01,1408.15,month-to-month,electronic-check,dsl,0,0,1
CUST-000896,56.0,57,57.69,3111.75,two-year,credit-card,fiber,1,1,0
CUST-000897,50.0,68,24.29,1457.02,one-year,credit-card,fiber,2,0,0
CUST-000898,21.0,62,74.41,4196.23,month-to-month,credit-card,none,0,0,0
CUST-000899,22.0,55,,1674.05,month-to-month,,dsl,3,0,0
CUST-000900,56.0,18,46.23,748.68,month-to-month,bank-transfer,fiber,3,4,0
CUST-000901,18.0,66,102.18,6684.45,two-year,electronic-check,dsl,0,2,0
CUST-000902,20.0,49,34.38,1521.51,month-to-month,credit-card,fiber,4,2,1
CUST-000903,31.0,13,108.76,1264.8,month-to-month,credit-card,fiber,0,1,1
CUST-000904,73.0,10,123.06,1162.96,two-year,credit-card,dsl,0,0,0
CUST-000905,46.0,63,86.72,5039.04,one-year,electronic-check,dsl,1,1,0
CUST-000906,,20,98.14,1775.93,month-to-month,credit-card,fiber,1,2,1
CUST-000907,43.0,56,98.49,4990.6,month-to-month,credit-card,none,3,2,0
CUST-000908,28.0,10,,1193.33,month-to-month,electronic-check,dsl,1,2,1
CUST-000909,41.0,21,57.57,1174.23,,bank-transfer,fiber,2,0,0
CUST-000910,23.0,21,37.91,803.18,month-to-month,electronic-check,dsl,0,0,0
CUST-000911,66.0,21,77.11,1659.75,two-year,credit-card,dsl,5,0,0
CUST-000912,29.0,49,78.66,3884.18,two-year,credit-card,dsl,2,1,0
CUST-000913,41.0,66,39.57,2577.14,month-to-month,bank-transfer,none,0,1,0
CUST-000914,79.0,66,87.44,5968.96,one-year,electronic-check,dsl,2,2,0
CUST-000915,55.0,54,21.55,1126.88,month-to-month,electronic-check,fiber,1,1,0
CUST-000916,46.0,15,122.04,1808.03,month-to-month,electronic-check,fiber,2,1,1
CUST-000917,52.0,70,49.1,3265.07,one-year,credit-card,dsl,2,2,0
CUST-000918,67.0,40,24.35,911.33,month-to-month,electronic-check,none,1,0,0
CUST-000919,34.0,40,31.91,1195.21,month-to-month,bank-transfer,fiber,0,1,0
CUST-000920,58.0,51,46.43,2143.48,month-to-month,electronic-check,fiber,2,1,0
CUST-000921,72.0,56,50.13,2850.57,month-to-month,electronic-check,dsl,1,0,0
CUST-000922,54.0,69,23.61,1448.93,month-to-month,credit-card,fiber,2,1,0
CUST-000923,46.0,42,50.73,2119.36,one-year,bank-transfer,fiber,2,0,0
CUST-000924,27.0,44,41.22,1862.57,one-year,bank-transfer,dsl,1,0,0
CUST-000925,33.0,54,61.65,3211.13,one-year,bank-transfer,dsl,2,2,0
CUST-000926,77.0,19,62.37,1056.97,two-year,credit-card,dsl,0,1,0
CUST-000927,52.0,23,57.29,1255.52,month-to-month,bank-transfer,dsl,2,1,0
CUST-000928,36.0,46,56.07,2420.21,two-year,bank-transfer,fiber,2,0,0
CUST-000929,44.0,5,29.87,156.45,month-to-month,electronic-check,none,3,3,1
CUST-000930,54.0,24,22.77,545.12,month-to-month,credit-card,fiber,1,0,0
CUST-000931,51.0,52,42.23,2201.74,two-year,bank-transfer,fiber,3,0,0
CUST-000932,62.0,71,103.23,7092.52,month-to-month,electronic-check,dsl,1,2,0
CUST-000933,34.0,38,128.99,4904.56,month-to-month,bank-transfer,dsl,1,1,0
CUST-000934,58.0,29,122.14,3552.11,month-to-month,credit-card,dsl,2,1,1
CUST-000935,45.0,32,75.46,2152.19,month-to-month,credit-card,fiber,3,0,0
CUST-000936,77.0,50,78.5,3602.53,month-to-month,electronic-check,none,0,2,0
CUST-000937,27.0,40,54.6,1926.73,month-to-month,bank-transfer,dsl,1,0,0
CUST-000938,27.0,2,105.13,203.25,two-year,bank-transfer,dsl,1,1,0
CUST-000939,47.0,39,104.12,4177.98,month-to-month,electronic-check,none,2,1,0
CUST-000940,50.0,29,112.87,3219.63,month-to-month,credit-card,fiber,2,0,1
CUST-000941,61.0,51,118.51,5832.68,month-to-month,electronic-check,dsl,2,0,0
CUST-000942,43.0,64,67.78,4500.22,two-year,electronic-check,dsl,3,0,0
CUST-000943,75.0,70,104.36,6642.45,month-to-month,mailed-check,dsl,0,1,0
CUST-000944,47.0,44,108.7,4269.52,month-to-month,credit-card,dsl,0,1,0
CUST-000945,26.0,27,53.93,1508.45,month-to-month,credit-card,dsl,3,1,0
CUST-000946,25.0,32,122.22,4041.95,one-year,electronic-check,fiber,3,0,0
CUST-000947,79.0,13,30.38,393.4,one-year,mailed-check,fiber,1,2,0
CUST-000948,26.0,68,129.37,8109.37,one-year,electronic-check,none,0,0,0
CUST-000949,77.0,62,104.71,6783.25,one-year,bank-transfer,none,2,1,0
CUST-000950,35.0,62,30.26,1895.09,month-to-month,electronic-check,none,2,0,0
CUST-000951,23.0,24,92.19,2200.53,month-to-month,electronic-check,fiber,2,1,1
CUST-000952,37.0,24,23.76,523.42,month-to-month,bank-transfer,fiber,2,2,0
CUST-000953,56.0,62,104.72,6279.84,month-to-month,electronic-check,dsl,2,1,0
CUST-000954,44.0,40,107.91,4402.03,month-to-month,bank-transfer,dsl,3,1,0
CUST-000955,67.0,51,86.27,4515.24,month-to-month,electronic-check,fiber,2,0,0
CUST-000956,56.0,36,114.25,4012.0,month-to-month,bank-transfer,dsl,1,1,0
CUST-000957,43.0,32,30.77,953.99,one-year,bank-transfer,fiber,2,0,0
CUST-000958,57.0,46,50.35,2312.87,month-to-month,bank-transfer,dsl,2,0,0
CUST-000959,79.0,59,65.56,3751.23,one-year,electronic-check,fiber,1,1,0
CUST-000960,,25,,586.53,one-year,bank-transfer,fiber,1,2,0
CUST-000961,27.0,59,69.3,3657.43,month-to-month,mailed-check,fiber,3,0,0
CUST-000962,43.0,18,49.17,797.82,month-to-month,electronic-check,none,2,1,0
CUST-000963,70.0,30,63.2,1913.53,one-year,electronic-check,dsl,4,2,1
CUST-000964,31.0,66,66.76,3895.9,one-year,bank-transfer,none,4,1,0
CUST-000965,77.0,69,116.74,,month-to-month,electronic-check,fiber,1,1,0
CUST-000966,55.0,67,49.74,3445.19,,bank-transfer,fiber,0,2,0
CUST-000967,55.0,23,118.31,2720.26,one-year,bank-transfer,fiber,4,0,0
CUST-000968,37.0,61,66.86,3591.97,one-year,electronic-check,dsl,2,2,0
CUST-000969,75.0,68,56.06,,month-to-month,credit-card,fiber,2,1,0
CUST-000970,20.0,71,75.28,5397.07,month-to-month,credit-card,,1,1,0
CUST-000971,36.0,2,65.95,125.44,two-year,electronic-check,dsl,2,0,0
CUST-000972,44.0,54,48.31,2503.6,month-to-month,bank-transfer,dsl,0,1,0
CUST-000973,48.0,72,75.29,5193.18,two-year,,fiber,4,0,0
CUST-000974,47.0,56,36.7,1879.2,month-to-month,credit-card,dsl,2,0,0
CUST-000975,27.0,17,58.71,1000.7,month-to-month,bank-transfer,fiber,2,2,1
CUST-000976,32.0,55,82.24,4059.62,month-to-month,electronic-check,fiber,2,0,0
CUST-000977,24.0,8,65.47,506.07,month-to-month,bank-transfer,dsl,2,1,0
CUST-000978,54.0,35,110.63,3519.28,two-year,electronic-check,dsl,2,2,1
CUST-000979,40.0,46,48.24,1970.31,month-to-month,credit-card,dsl,0,1,0
CUST-000980,53.0,33,126.67,3780.29,two-year,electronic-check,fiber,1,1,0
CUST-000981,55.0,51,106.32,5572.99,month-to-month,bank-transfer,none,0,4,0
CUST-000982,62.0,18,126.44,2070.96,two-year,bank-transfer,none,5,2,0
CUST-000983,52.0,44,112.2,4578.01,two-year,bank-transfer,fiber,3,0,0
CUST-000984,58.0,47,35.63,1512.97,one-year,mailed-check,dsl,1,0,0
CUST-000985,54.0,46,77.91,3601.93,month-to-month,bank-transfer,fiber,1,0,0
CUST-000986,59.0,21,38.7,776.72,one-year,bank-transfer,dsl,2,1,0
CUST-000987,56.0,22,110.01,2518.04,month-to-month,credit-card,dsl,0,2,0
CUST-000988,37.0,19,84.26,1589.63,two-year,mailed-check,dsl,1,1,0
CUST-000989,33.0,34,48.98,1615.92,month-to-month,bank-transfer,dsl,2,0,0
CUST-000990,67.0,43,122.26,5213.16,month-to-month,mailed-check,fiber,1,0,1
CUST-000991,39.0,27,32.67,782.3,month-to-month,electronic-check,dsl,0,0,0
CUST-000992,52.0,30,82.02,2562.99,one-year,credit-card,dsl,5,0,0
CUST-000993,30.0,21,99.31,2174.34,two-year,bank-transfer,fiber,2,1,0
CUST-000994,,16,26.47,392.58,month-to-month,electronic-check,fiber,3,0,1
CUST-000995,51.0,48,85.76,4062.18,one-year,electronic-check,dsl,1,1,0
CUST-000996,57.0,59,109.75,5920.49,two-year,mailed-check,dsl,2,3,0
CUST-000997,51.0,21,27.43,,month-to-month,credit-card,dsl,0,2,0
CUST-000998,40.0,62,76.35,4785.93,month-to-month,electronic-check,none,1,2,0
CUST-000999,78.0,42,48.44,2115.39,one-year,electronic-check,dsl,2,1,0
CUST-001000,50.0,13,92.92,1132.66,one-year,credit-card,fiber,1,1,0
CUST-001001,68.0,27,33.05,890.47,month-to-month,credit-card,fiber,3,1,0
CUST-001002,64.0,1,123.08,123.3,two-year,mailed-check,dsl,2,0,0
CUST-001003,53.0,3,118.42,325.98,month-to-month,mailed-check,dsl,2,0,1
CUST-001004,73.0,25,40.46,998.29,two-year,bank-transfer,dsl,1,3,0
CUST-001005,26.0,33,55.56,1817.75,two-year,bank-transfer,dsl,2,0,0
CUST-001006,76.0,58,84.64,4957.69,one-year,electronic-check,dsl,1,2,0
CUST-001007,71.0,10,98.99,1039.39,month-to-month,bank-transfer,dsl,4,0,1
CUST-001008,49.0,61,68.69,3715.94,month-to-month,electronic-check,dsl,1,0,0
CUST-001009,64.0,17,37.19,578.11,month-to-month,electronic-check,fiber,0,2,0
CUST-001010,50.0,10,31.46,284.61,month-to-month,mailed-check,dsl,2,3,0
CUST-001011,34.0,51,129.97,6007.08,one-year,bank-transfer,dsl,0,3,0
CUST-001012,68.0,56,70.09,3757.14,month-to-month,electronic-check,fiber,1,1,0
CUST-001013,33.0,44,115.98,5252.9,month-to-month,,dsl,1,0,0
CUST-001014,37.0,9,73.06,628.79,month-to-month,credit-card,dsl,0,0,0
CUST-001015,50.0,9,121.46,1086.19,month-to-month,electronic-check,,2,1,1
CUST-001016,70.0,29,29.65,811.7,month-to-month,electronic-check,,2,4,1
CUST-001017,42.0,33,32.54,1003.32,one-year,electronic-check,fiber,3,2,0
CUST-001018,49.0,72,122.26,8994.8,one-year,credit-card,fiber,3,0,0
CUST-001019,20.0,21,124.22,2586.3,month-to-month,,fiber,2,2,1
CUST-001020,25.0,14,54.62,718.53,,credit-card,fiber,2,0,0
CUST-001021,21.0,69,59.07,4220.14,two-year,electronic-check,dsl,1,2,0
CUST-001022,22.0,12,69.77,807.72,month-to-month,mailed-check,dsl,1,0,1
CUST-001023,72.0,2,65.78,119.98,one-year,bank-transfer,dsl,4,3,1
CUST-001024,71.0,31,40.9,1219.91,month-to-month,mailed-check,fiber,4,1,0
CUST-001025,69.0,29,118.82,3427.51,month-to-month,electronic-check,fiber,0,1,1
CUST-001026,21.0,45,47.86,2029.67,month-to-month,credit-card,fiber,1,1,1
CUST-001027,22.0,64,97.58,6391.53,,bank-transfer,dsl,0,0,0
CUST-001028,35.0,68,27.39,1807.83,two-year,electronic-check,fiber,1,0,0
CUST-001029,53.0,21,24.26,488.84,two-year,electronic-check,dsl,1,0,0
CUST-001030,39.0,71,91.91,6695.15,two-year,electronic-check,dsl,2,0,0
CUST-001031,48.0,46,57.29,,one-year,electronic-check,dsl,1,1,0
CUST-001032,28.0,6,92.1,525.22,one-year,credit-card,fiber,2,0,1
CUST-001033,64.0,68,30.34,1851.92,two-year,electronic-check,fiber,2,1,0
CUST-001034,37.0,10,124.48,1172.13,,,dsl,3,2,1
CUST-001035,22.0,43,102.34,4169.58,month-to-month,bank-transfer,dsl,1,1,0
CUST-001036,64.0,57,116.39,6041.83,one-year,electronic-check,fiber,0,2,0
CUST-001037,74.0,18,35.01,617.53,month-to-month,electronic-check,dsl,2,2,0
CUST-001038,18.0,20,55.22,998.88,month-to-month,bank-transfer,dsl,1,1,0
CUST-001039,45.0,35,60.52,1944.57,month-to-month,electronic-check,fiber,1,3,1
CUST-001040,70.0,64,79.09,4937.17,one-year,electronic-check,fiber,0,2,0
CUST-001041,62.0,17,52.66,828.73,month-to-month,electronic-check,fiber,0,3,1
CUST-001042,71.0,48,,1265.75,month-to-month,electronic-check,fiber,2,0,0
CUST-001043,44.0,33,60.58,1993.92,month-to-month,credit-card,fiber,0,2,0
CUST-001044,41.0,9,48.0,402.29,month-to-month,electronic-check,dsl,3,0,0
CUST-001045,62.0,52,62.45,2905.96,two-year,electronic-check,fiber,3,0,0
CUST-001046,27.0,60,41.67,2408.21,,mailed-check,dsl,2,1,0
CUST-001047,33.0,42,48.81,1836.39,one-year,mailed-check,none,2,3,0
CUST-001048,55.0,13,88.96,1119.0,one-year,electronic-check,fiber,3,1,0
CUST-001049,60.0,12,62.7,755.0,month-to-month,electronic-check,fiber,1,2,1
CUST-001050,25.0,31,57.99,1771.54,two-year,credit-card,dsl,1,0,0
CUST-001051,50.0,37,78.73,2785.44,one-year,bank-transfer,none,1,0,0
CUST-001052,40.0,40,104.9,4367.18,one-year,bank-transfer,dsl,0,4,0
CUST-001053,49.0,18,61.68,996.22,month-to-month,electronic-check,fiber,2,1,1
CUST-001054,78.0,37,84.63,3224.0,month-to-month,electronic-check,fiber,1,2,0
CUST-001055,22.0,22,126.28,2822.67,two-year,credit-card,fiber,2,1,0
CUST-001056,80.0,50,77.42,3682.7,one-year,bank-transfer,dsl,2,3,0
CUST-001057,46.0,58,120.08,6309.88,two-year,mailed-check,dsl,2,0,0
CUST-001058,66.0,47,107.3,4571.56,two-year,electronic-check,,1,0,0
CUST-001059,44.0,1,26.46,27.43,month-to-month,credit-card,dsl,0,0,0
CUST-001060,37.0,72,67.2,4450.02,one-year,electronic-check,fiber,2,0,0
CUST-001061,66.0,2,96.82,199.18,month-to-month,bank-transfer,dsl,1,1,1
CUST-001062,61.0,72,128.54,8936.14,one-year,mailed-check,fiber,2,0,0
CUST-001063,27.0,3,70.42,202.49,month-to-month,credit-card,dsl,2,1,0
CUST-001064,62.0,38,30.21,1131.12,month-to-month,electronic-check,dsl,2,0,0
CUST-001065,65.0,8,81.82,599.94,one-year,credit-card,dsl,2,1,0
CUST-001066,42.0,7,33.92,226.24,one-year,credit-card,fiber,0,1,0
CUST-001067,76.0,50,102.67,,one-year,bank-transfer,dsl,4,0,0
CUST-001068,58.0,53,75.84,3699.98,month-to-month,electronic-check,dsl,0,0,0
CUST-001069,39.0,9,99.58,929.08,month-to-month,,fiber,3,0,1
CUST-001070,18.0,71,115.63,8612.14,two-year,electronic-check,fiber,0,0,0
CUST-001071,60.0,24,89.18,1902.37,month-to-month,electronic-check,dsl,1,1,1
CUST-001072,31.0,23,87.37,1949.9,month-to-month,electronic-check,fiber,0,1,1
CUST-001073,65.0,22,103.0,2060.27,one-year,electronic-check,fiber,2,1,0
CUST-001074,51.0,34,112.67,3775.97,month-to-month,electronic-check,fiber,0,1,1
CUST-001075,47.0,13,115.6,1575.27,one-year,bank-transfer,fiber,0,1,0
CUST-001076,28.0,31,24.01,768.48,month-to-month,electronic-check,fiber,2,0,0
CUST-001077,62.0,16,81.18,1347.23,two-year,electronic-check,dsl,1,1,0
CUST-001078,28.0,4,43.79,160.49,two-year,electronic-check,fiber,0,2,0
CUST-001079,44.0,27,114.64,3009.21,two-year,electronic-check,dsl,1,0,0
CUST-001080,70.0,49,91.32,4116.35,one-year,bank-transfer,fiber,0,1,0
CUST-001081,75.0,55,66.22,3761.93,month-to-month,mailed-check,fiber,1,3,0
CUST-001082,80.0,26,40.69,965.37,one-year,electronic-check,fiber,1,1,0
CUST-001083,,24,57.29,1245.95,two-year,bank-transfer,dsl,0,0,0
CUST-001084,53.0,57,97.42,4898.07,one-year,bank-transfer,none,0,1,0
CUST-001085,30.0,50,42.48,1934.82,one-year,mailed-check,dsl,2,0,0
CUST-001086,70.0,60,30.29,1657.94,one-year,electronic-check,fiber,2,1,0
CUST-001087,68.0,66,117.68,6937.17,one-year,electronic-check,fiber,0,1,0
CUST-001088,80.0,60,104.06,6415.4,one-year,credit-card,fiber,0,1,0
CUST-001089,59.0,68,41.98,2890.61,month-to-month,bank-transfer,dsl,0,0,0
CUST-001090,26.0,30,52.15,1444.44,month-to-month,bank-transfer,fiber,1,2,1
CUST-001091,49.0,29,126.93,3729.39,one-year,credit-card,none,3,0,0
CUST-001092,46.0,24,97.9,2236.27,month-to-month,electronic-check,dsl,3,1,1
CUST-001093,71.0,17,87.16,1499.26,two-year,bank-transfer,dsl,0,1,0
CUST-001094,42.0,54,53.84,2718.12,one-year,bank-transfer,dsl,1,0,0
CUST-001095,38.0,52,52.9,2684.76,month-to-month,credit-card,fiber,1,1,1
CUST-001096,23.0,58,24.35,1334.45,one-year,bank-transfer,dsl,2,1,0
CUST-001097,70.0,13,100.13,1187.02,one-year,credit-card,fiber,1,1,0
CUST-001098,65.0,36,24.75,872.79,one-year,credit-card,dsl,2,0,0
CUST-001099,20.0,16,20.53,330.99,month-to-month,credit-card,dsl,1,1,0
CUST-001100,45.0,65,100.24,6567.91,,bank-transfer,fiber,2,2,0
CUST-001101,48.0,20,124.38,2339.76,month-to-month,mailed-check,dsl,4,0,0
CUST-001102,47.0,11,103.22,1099.29,one-year,credit-card,fiber,3,1,0
CUST-001103,75.0,42,71.88,3048.67,month-to-month,electronic-check,fiber,1,0,0
CUST-001104,27.0,64,73.46,4180.82,one-year,credit-card,dsl,0,0,0
CUST-001105,37.0,66,67.98,4003.11,one-year,electronic-check,fiber,1,0,0
CUST-001106,29.0,7,55.71,368.12,one-year,electronic-check,dsl,1,1,0
CUST-001107,33.0,24,77.39,1705.04,month-to-month,,dsl,1,0,1
CUST-001108,75.0,12,67.43,763.6,one-year,credit-card,dsl,1,0,0
CUST-001109,77.0,23,85.8,1768.04,one-year,electronic-check,fiber,3,5,1
CUST-001110,20.0,39,118.79,4543.13,month-to-month,electronic-check,fiber,0,0,1
CUST-001111,57.0,21,129.45,2702.67,two-year,bank-transfer,none,4,0,0
CUST-001112,32.0,5,28.66,145.39,one-year,electronic-check,fiber,3,0,1
CUST-001113,30.0,37,62.32,2284.14,two-year,credit-card,dsl,1,1,0
CUST-001114,36.0,4,39.88,151.13,two-year,mailed-check,fiber,2,0,0
CUST-001115,30.0,17,58.73,1037.29,two-year,credit-card,fiber,1,1,0
CUST-001116,48.0,1,51.62,51.8,one-year,electronic-check,dsl,1,0,0
CUST-001117,80.0,7,39.2,266.09,one-year,electronic-check,dsl,3,0,0
CUST-001118,54.0,32,104.05,3047.13,month-to-month,credit-card,dsl,3,1,0
CUST-001119,63.0,62,74.59,4579.84,month-to-month,credit-card,dsl,1,0,0
CUST-001120,49.0,56,121.12,6651.08,one-year,electronic-check,fiber,1,0,0
CUST-001121,18.0,8,23.59,188.0,month-to-month,credit-card,fiber,1,1,0
CUST-001122,23.0,3,27.37,83.16,two-year,credit-card,fiber,0,0,0
CUST-001123,34.0,25,64.36,1666.21,month-to-month,electronic-check,dsl,2,2,1
CUST-001124,33.0,47,28.83,1411.03,month-to-month,credit-card,fiber,8,0,1
CUST-001125,70.0,54,48.9,2606.62,month-to-month,electronic-check,dsl,4,0,0
CUST-001126,71.0,60,128.46,8048.37,month-to-month,electronic-check,fiber,2,1,0
CUST-001127,71.0,25,,1112.3,month-to-month,bank-transfer,dsl,4,3,1
CUST-001128,58.0,13,41.79,478.32,month-to-month,,dsl,1,3,0
CUST-001129,53.0,2,83.1,164.27,two-year,credit-card,dsl,1,3,0
CUST-001130,58.0,11,74.78,748.83,month-to-month,credit-card,fiber,1,1,1
CUST-001131,43.0,5,83.85,389.98,month-to-month,electronic-check,,0,2,1
CUST-001132,60.0,62,61.44,3544.82,month-to-month,mailed-check,fiber,2,0,0
CUST-001133,68.0,20,110.94,2134.78,month-to-month,electronic-check,fiber,1,0,0
CUST-001134,66.0,60,35.24,1864.58,month-to-month,electronic-check,fiber,0,2,0
CUST-001135,56.0,40,67.12,2470.25,one-year,mailed-check,fiber,0,0,0
CUST-001136,21.0,39,95.87,3308.77,one-year,bank-transfer,dsl,4,2,0
CUST-001137,63.0,33,115.51,3775.98,month-to-month,bank-transfer,fiber,3,0,0
CUST-001138,41.0,59,60.65,3689.92,one-year,electronic-check,fiber,0,1,0
CUST-001139,64.0,4,82.45,346.17,month-to-month,electronic-check,dsl,2,1,1
CUST-001140,51.0,7,27.61,184.82,month-to-month,bank-transfer,dsl,2,1,0
CUST-001141,73.0,31,38.74,1109.94,two-year,electronic-check,dsl,0,0,0
CUST-001142,39.0,29,27.61,820.73,month-to-month,electronic-check,,0,0,0
CUST-001143,76.0,40,100.07,3599.47,two-year,bank-transfer,fiber,2,0,0
CUST-001144,71.0,54,51.69,2918.6,month-to-month,electronic-check,dsl,0,0,0
CUST-001145,38.0,43,99.61,4289.75,month-to-month,electronic-check,fiber,1,1,0
CUST-001146,48.0,19,27.3,500.89,month-to-month,electronic-check,fiber,1,1,0
CUST-001147,51.0,24,114.88,2471.57,month-to-month,credit-card,fiber,3,0,1
CUST-001148,66.0,55,111.91,5435.48,two-year,credit-card,dsl,1,0,0
CUST-001149,61.0,15,29.78,434.45,month-to-month,bank-transfer,fiber,2,1,1
CUST-001150,71.0,37,22.61,795.04,two-year,electronic-check,dsl,0,1,0
CUST-001151,41.0,39,26.19,1045.16,two-year,electronic-check,fiber,3,2,0
CUST-001152,49.0,55,113.9,6196.79,one-year,credit-card,fiber,0,0,0
CUST-001153,45.0,52,45.82,2271.66,month-to-month,credit-card,fiber,1,0,0
CUST-001154,75.0,34,80.31,2507.79,month-to-month,credit-card,fiber,0,0,0
CUST-001155,37.0,23,66.89,1479.5,month-to-month,mailed-check,fiber,2,1,0
CUST-001156,54.0,27,107.51,2634.87,one-year,credit-card,dsl,3,1,0
CUST-001157,25.0,30,73.78,2198.77,month-to-month,credit-card,dsl,1,0,0
CUST-001158,71.0,16,75.07,1180.67,two-year,mailed-check,fiber,1,1,0
CUST-001159,42.0,46,128.8,6029.74,one-year,electronic-check,dsl,1,1,0
CUST-001160,39.0,16,36.51,558.7,month-to-month,mailed-check,fiber,0,0,0
CUST-001161,54.0,47,111.38,4854.65,one-year,credit-card,fiber,4,0,0
CUST-001162,49.0,55,25.69,1444.3,month-to-month,credit-card,fiber,2,2,0
CUST-001163,71.0,70,72.54,5064.95,two-year,mailed-check,dsl,1,0,0
CUST-001164,51.0,9,117.5,1057.65,month-to-month,credit-card,fiber,2,1,1
CUST-001165,50.0,55,93.17,4969.46,two-year,credit-card,dsl,1,2,0
CUST-001166,24.0,7,95.37,686.89,one-year,electronic-check,fiber,1,1,1
CUST-001167,19.0,25,48.96,1124.52,two-year,bank-transfer,dsl,3,1,0
CUST-001168,43.0,13,66.04,814.12,month-to-month,credit-card,fiber,0,1,1
CUST-001169,80.0,12,60.32,734.96,two-year,electronic-check,dsl,1,1,0
CUST-001170,75.0,13,77.36,907.73,month-to-month,bank-transfer,dsl,3,1,0
CUST-001171,57.0,4,70.85,288.33,one-year,bank-transfer,fiber,1,0,0
CUST-001172,57.0,60,55.96,3155.95,month-to-month,credit-card,,1,1,0
CUST-001173,42.0,5,53.6,241.56,month-to-month,electronic-check,dsl,3,1,0
CUST-001174,29.0,29,47.59,1233.07,,credit-card,none,0,1,0
CUST-001175,18.0,51,60.16,3139.69,month-to-month,electronic-check,none,2,0,0
CUST-001176,39.0,72,36.49,2659.77,month-to-month,electronic-check,fiber,0,1,0
CUST-001177,37.0,62,115.93,6677.1,two-year,credit-card,dsl,0,0,0
CUST-001178,30.0,10,86.23,775.88,month-to-month,electronic-check,fiber,3,0,1
CUST-001179,34.0,72,34.72,2304.93,one-year,electronic-check,fiber,2,1,0
CUST-001180,19.0,48,96.32,4235.96,month-to-month,bank-transfer,dsl,1,2,0
CUST-001181,56.0,13,113.24,1478.92,one-year,electronic-check,dsl,2,0,0
CUST-001182,76.0,33,46.13,1395.4,one-year,mailed-check,dsl,2,0,0
CUST-001183,61.0,67,36.57,2246.18,month-to-month,mailed-check,dsl,0,0,0
CUST-001184,46.0,29,20.95,537.98,one-year,credit-card,fiber,1,1,0
CUST-001185,44.0,14,25.2,346.26,two-year,mailed-check,dsl,2,0,0
CUST-001186,37.0,64,103.85,6627.3,one-year,bank-transfer,fiber,1,0,0
CUST-001187,26.0,69,128.59,8793.68,month-to-month,electronic-check,fiber,1,0,0
CUST-001188,55.0,71,24.94,1729.41,month-to-month,bank-transfer,fiber,3,0,0
CUST-001189,53.0,69,102.29,7370.21,one-year,electronic-check,none,1,1,0
CUST-001190,18.0,63,27.9,1688.03,month-to-month,bank-transfer,dsl,1,0,0
CUST-001191,44.0,33,85.13,2882.96,one-year,credit-card,fiber,0,0,0
CUST-001192,35.0,14,103.17,1429.68,month-to-month,electronic-check,dsl,3,0,1
CUST-001193,28.0,45,59.51,2394.91,one-year,electronic-check,none,3,0,0
CUST-001194,62.0,16,21.2,345.21,month-to-month,mailed-check,none,1,1,0
CUST-001195,51.0,35,85.47,2929.66,,electronic-check,dsl,1,0,0
CUST-001196,57.0,48,129.04,6138.79,two-year,electronic-check,fiber,2,1,0
CUST-001197,62.0,69,48.34,3037.4,two-year,electronic-check,dsl,0,0,0
CUST-001198,79.0,21,40.84,818.51,two-year,credit-card,dsl,1,1,0
CUST-001199,68.0,19,33.63,657.95,two-year,bank-transfer,dsl,5,2,0
CUST-001200,57.0,53,81.08,3938.95,month-to-month,bank-transfer,dsl,1,0,0
